-- phpMyAdmin SQL Dump
-- version 3.4.7.1
-- http://www.phpmyadmin.net
--
-- Počítač: localhost
-- Vygenerováno: Ned 11. led 2015, 15:30
-- Verze MySQL: 5.1.60
-- Verze PHP: 5.3.8

SET SQL_MODE="NO_AUTO_VALUE_ON_ZERO";
SET time_zone = "+00:00";


/*!40101 SET @OLD_CHARACTER_SET_CLIENT=@@CHARACTER_SET_CLIENT */;
/*!40101 SET @OLD_CHARACTER_SET_RESULTS=@@CHARACTER_SET_RESULTS */;
/*!40101 SET @OLD_COLLATION_CONNECTION=@@COLLATION_CONNECTION */;
/*!40101 SET NAMES utf8 */;

--
-- Databáze: `xbcatalog-dev`
--

-- --------------------------------------------------------

--
-- Struktura tabulky `SEQUENCE`
--

CREATE TABLE IF NOT EXISTS `SEQUENCE` (
  `SEQ_NAME` varchar(50) COLLATE utf8_czech_ci NOT NULL,
  `SEQ_COUNT` decimal(38,0) DEFAULT NULL,
  PRIMARY KEY (`SEQ_NAME`)
) ENGINE=MyISAM DEFAULT CHARSET=utf8 COLLATE=utf8_czech_ci;

--
-- Vypisuji data pro tabulku `SEQUENCE`
--

INSERT INTO `SEQUENCE` (`SEQ_NAME`, `SEQ_COUNT`) VALUES
('SEQ_GEN', '150');

-- --------------------------------------------------------

--
-- Struktura tabulky `USER`
--

CREATE TABLE IF NOT EXISTS `USER` (
  `ID` bigint(20) NOT NULL AUTO_INCREMENT,
  `LOGIN` varchar(255) COLLATE utf8_czech_ci DEFAULT NULL,
  `PASSWD` varchar(255) COLLATE utf8_czech_ci DEFAULT NULL,
  PRIMARY KEY (`ID`)
) ENGINE=MyISAM DEFAULT CHARSET=utf8 COLLATE=utf8_czech_ci AUTO_INCREMENT=1 ;

-- --------------------------------------------------------

--
-- Struktura tabulky `USERINFO`
--

CREATE TABLE IF NOT EXISTS `USERINFO` (
  `ID` bigint(20) NOT NULL AUTO_INCREMENT,
  `CREATED` date DEFAULT NULL,
  `UPDATED` date DEFAULT NULL,
  `LASTLOGIN` date DEFAULT NULL,
  `CURRLOGIN` date DEFAULT NULL,
  `USER_ID` bigint(20) DEFAULT NULL,
  PRIMARY KEY (`ID`),
  KEY `FK_USERINFO_USER_ID` (`USER_ID`)
) ENGINE=MyISAM DEFAULT CHARSET=utf8 COLLATE=utf8_czech_ci AUTO_INCREMENT=1 ;

-- --------------------------------------------------------

--
-- Struktura tabulky `XBCONSDEF`
--

CREATE TABLE IF NOT EXISTS `XBCONSDEF` (
  `ID` bigint(20) NOT NULL,
  PRIMARY KEY (`ID`)
) ENGINE=MyISAM DEFAULT CHARSET=utf8 COLLATE=utf8_czech_ci;

--
-- Vypisuji data pro tabulku `XBCONSDEF`
--

INSERT INTO `XBCONSDEF` (`ID`) VALUES
(1085),
(1086),
(1087),
(1089),
(1090),
(1091),
(1092),
(1093),
(1094),
(1095),
(1096),
(1097),
(1098),
(1099),
(1100),
(1101),
(1102),
(1103),
(1104),
(1105),
(1106),
(1107),
(1108),
(1109),
(1110),
(1111),
(1112),
(1113),
(1114),
(1115),
(1116),
(1117),
(1118),
(1119),
(1120),
(1121),
(1122),
(1123),
(1124),
(1125),
(1126),
(1127),
(1128),
(1129),
(1130),
(1131),
(1132),
(1133),
(1134),
(1135),
(1136),
(1137),
(1138),
(1139),
(1140),
(1141),
(1142),
(1143),
(1144),
(1145),
(1146),
(1147),
(1148),
(1149),
(1150),
(1151),
(1152),
(1153),
(1154),
(1155),
(1156),
(1157),
(1158),
(1159),
(1160),
(1161),
(1162),
(1163),
(1164),
(1165),
(1166),
(1167),
(1168),
(1169),
(1170),
(1171),
(1172),
(1173),
(1174),
(1175),
(1176),
(1177),
(1178),
(1179),
(1180),
(1181),
(1182),
(1183),
(1184),
(1185),
(1186),
(1187),
(1188),
(1189),
(1190),
(1191),
(1192),
(1198),
(1199),
(1200),
(1201),
(1202),
(1203),
(1204),
(1205),
(1206),
(1207),
(1208),
(1209),
(1210),
(1211),
(1212),
(1213),
(1214),
(1215),
(1216),
(1217),
(1218),
(1219),
(1220),
(1221),
(1222),
(1223),
(1224),
(1225),
(1226),
(1227),
(1228),
(1229),
(1230),
(1231),
(1232),
(1233),
(1234),
(1235),
(1236),
(1237),
(1238),
(1239),
(1240),
(1241),
(1329),
(1331),
(1342),
(1373),
(1374),
(1380),
(1383),
(1398),
(1400),
(1402),
(1403),
(1404),
(1405),
(1406),
(1413),
(1414),
(1415),
(1417);

-- --------------------------------------------------------

--
-- Struktura tabulky `XBITEM`
--

CREATE TABLE IF NOT EXISTS `XBITEM` (
  `ID` bigint(20) NOT NULL AUTO_INCREMENT,
  `DTYPE` varchar(31) COLLATE utf8_czech_ci DEFAULT NULL,
  `XBINDEX` bigint(20) DEFAULT NULL,
  `OWNER_ID` bigint(20) DEFAULT NULL,
  PRIMARY KEY (`ID`),
  KEY `FK_XBITEM_OWNER_ID` (`OWNER_ID`)
) ENGINE=MyISAM  DEFAULT CHARSET=utf8 COLLATE=utf8_czech_ci AUTO_INCREMENT=1421 ;

--
-- Vypisuji data pro tabulku `XBITEM`
--

INSERT INTO `XBITEM` (`ID`, `DTYPE`, `XBINDEX`, `OWNER_ID`) VALUES
(10, 'XBNode', 0, NULL),
(11, 'XBFormatSpec', 0, 10),
(22, 'XBBlockSpec', 8, 10),
(16, 'XBBlockSpec', 0, 10),
(19, 'XBBlockSpec', 1, 10),
(13, 'XBGroupSpec', 0, 10),
(14, 'XBGroupRev', 0, 13),
(12, 'XBFormatRev', 0, 11),
(17, 'XBBlockRev', 0, 16),
(23, 'XBBlockRev', 0, 22),
(20, 'XBBlockRev', 0, 19),
(29, 'XBNode', 0, 10),
(33, 'XBNode', 0, 29),
(1335, 'XBBlockSpec', 10, 33),
(40, 'XBBlockSpec', 0, 33),
(43, 'XBBlockRev', 0, 40),
(44, 'XBBlockSpec', 1, 33),
(47, 'XBBlockRev', 0, 44),
(48, 'XBBlockSpec', 2, 33),
(51, 'XBBlockRev', 0, 48),
(52, 'XBBlockSpec', 3, 33),
(55, 'XBBlockRev', 0, 52),
(56, 'XBBlockSpec', 4, 33),
(59, 'XBBlockRev', 0, 56),
(60, 'XBBlockSpec', 5, 33),
(63, 'XBBlockRev', 0, 60),
(67, 'XBBlockRev', 0, 64),
(71, 'XBBlockRev', 0, 68),
(72, 'XBBlockSpec', 8, 33),
(75, 'XBBlockRev', 0, 72),
(76, 'XBNode', 1, 29),
(79, 'XBBlockSpec', 0, 76),
(82, 'XBBlockRev', 0, 79),
(83, 'XBBlockSpec', 1, 76),
(86, 'XBBlockRev', 0, 83),
(87, 'XBBlockSpec', 2, 76),
(90, 'XBBlockRev', 0, 87),
(91, 'XBBlockSpec', 3, 76),
(94, 'XBBlockRev', 0, 91),
(95, 'XBBlockSpec', 4, 76),
(98, 'XBBlockRev', 0, 95),
(99, 'XBNode', 2, 29),
(102, 'XBNode', 0, 99),
(105, 'XBGroupSpec', 0, 102),
(108, 'XBGroupRev', 0, 105),
(109, 'XBBlockSpec', 0, 102),
(112, 'XBBlockRev', 0, 109),
(113, 'XBBlockSpec', 1, 102),
(116, 'XBBlockRev', 0, 113),
(117, 'XBBlockSpec', 2, 102),
(120, 'XBBlockRev', 0, 117),
(121, 'XBBlockSpec', 3, 102),
(124, 'XBBlockRev', 0, 121),
(125, 'XBNode', 1, 99),
(128, 'XBGroupSpec', 0, 125),
(131, 'XBGroupRev', 0, 128),
(132, 'XBBlockSpec', 0, 125),
(135, 'XBBlockRev', 0, 132),
(136, 'XBBlockSpec', 1, 125),
(139, 'XBBlockRev', 0, 136),
(140, 'XBNode', 2, 99),
(143, 'XBNode', 3, 99),
(146, 'XBGroupSpec', 0, 143),
(149, 'XBGroupRev', 0, 146),
(150, 'XBBlockSpec', 0, 143),
(153, 'XBBlockRev', 0, 150),
(154, 'XBBlockSpec', 1, 143),
(157, 'XBBlockRev', 0, 154),
(158, 'XBBlockSpec', 2, 143),
(161, 'XBBlockRev', 0, 158),
(162, 'XBNode', 4, 99),
(165, 'XBGroupSpec', 0, 162),
(168, 'XBGroupRev', 0, 165),
(169, 'XBBlockSpec', 0, 162),
(172, 'XBBlockRev', 0, 169),
(173, 'XBBlockSpec', 1, 162),
(176, 'XBBlockRev', 0, 173),
(177, 'XBBlockSpec', 2, 162),
(180, 'XBBlockRev', 0, 177),
(181, 'XBBlockSpec', 3, 162),
(184, 'XBBlockRev', 0, 181),
(185, 'XBBlockSpec', 4, 162),
(188, 'XBBlockRev', 0, 185),
(189, 'XBBlockSpec', 5, 162),
(192, 'XBBlockRev', 0, 189),
(193, 'XBBlockSpec', 6, 162),
(196, 'XBBlockRev', 0, 193),
(197, 'XBBlockSpec', 7, 162),
(200, 'XBBlockRev', 0, 197),
(201, 'XBBlockSpec', 8, 162),
(204, 'XBBlockRev', 0, 201),
(205, 'XBBlockSpec', 9, 162),
(208, 'XBBlockRev', 0, 205),
(209, 'XBBlockSpec', 10, 162),
(212, 'XBBlockRev', 0, 209),
(213, 'XBBlockSpec', 11, 162),
(216, 'XBBlockRev', 0, 213),
(217, 'XBBlockSpec', 12, 162),
(220, 'XBBlockRev', 0, 217),
(221, 'XBBlockSpec', 13, 162),
(224, 'XBBlockRev', 0, 221),
(225, 'XBBlockSpec', 14, 162),
(228, 'XBBlockRev', 0, 225),
(229, 'XBBlockSpec', 15, 162),
(232, 'XBBlockRev', 0, 229),
(233, 'XBBlockSpec', 16, 162),
(236, 'XBBlockRev', 0, 233),
(237, 'XBBlockSpec', 17, 162),
(240, 'XBBlockRev', 0, 237),
(241, 'XBBlockSpec', 18, 162),
(244, 'XBBlockRev', 0, 241),
(245, 'XBBlockSpec', 19, 162),
(248, 'XBBlockRev', 0, 245),
(249, 'XBBlockSpec', 20, 162),
(252, 'XBBlockRev', 0, 249),
(253, 'XBBlockSpec', 21, 162),
(256, 'XBBlockRev', 0, 253),
(257, 'XBBlockSpec', 22, 162),
(260, 'XBBlockRev', 0, 257),
(261, 'XBBlockSpec', 23, 162),
(264, 'XBBlockRev', 0, 261),
(265, 'XBBlockSpec', 24, 162),
(268, 'XBBlockRev', 0, 265),
(269, 'XBBlockSpec', 25, 162),
(272, 'XBBlockRev', 0, 269),
(273, 'XBBlockSpec', 26, 162),
(276, 'XBBlockRev', 0, 273),
(277, 'XBBlockSpec', 27, 162),
(280, 'XBBlockSpec', 28, 162),
(283, 'XBNode', 5, 99),
(286, 'XBGroupSpec', 0, 283),
(289, 'XBGroupRev', 0, 286),
(290, 'XBBlockSpec', 0, 283),
(293, 'XBBlockRev', 0, 290),
(294, 'XBBlockSpec', 1, 283),
(297, 'XBBlockRev', 0, 294),
(298, 'XBBlockSpec', 2, 283),
(301, 'XBBlockRev', 0, 298),
(302, 'XBBlockSpec', 3, 283),
(305, 'XBBlockRev', 0, 302),
(306, 'XBBlockSpec', 4, 283),
(309, 'XBBlockRev', 0, 306),
(310, 'XBBlockSpec', 5, 283),
(313, 'XBBlockRev', 0, 310),
(314, 'XBBlockSpec', 6, 283),
(317, 'XBBlockRev', 0, 314),
(318, 'XBBlockSpec', 7, 283),
(321, 'XBBlockRev', 0, 318),
(322, 'XBBlockSpec', 8, 283),
(325, 'XBBlockRev', 0, 322),
(326, 'XBBlockSpec', 9, 283),
(329, 'XBBlockRev', 0, 326),
(330, 'XBBlockSpec', 10, 283),
(333, 'XBNode', 6, 99),
(336, 'XBGroupSpec', 0, 333),
(339, 'XBGroupRev', 0, 336),
(340, 'XBBlockSpec', 0, 333),
(343, 'XBBlockRev', 0, 340),
(344, 'XBBlockSpec', 1, 333),
(347, 'XBBlockRev', 0, 344),
(348, 'XBNode', 7, 99),
(351, 'XBGroupSpec', 0, 348),
(354, 'XBGroupRev', 0, 351),
(355, 'XBBlockSpec', 0, 348),
(358, 'XBBlockRev', 0, 355),
(359, 'XBBlockSpec', 1, 348),
(362, 'XBBlockRev', 0, 359),
(363, 'XBNode', 8, 99),
(366, 'XBGroupSpec', 0, 363),
(369, 'XBGroupRev', 0, 366),
(370, 'XBBlockSpec', 0, 363),
(373, 'XBBlockRev', 0, 370),
(374, 'XBBlockSpec', 1, 363),
(377, 'XBBlockRev', 0, 374),
(378, 'XBBlockSpec', 2, 363),
(381, 'XBBlockRev', 0, 378),
(382, 'XBBlockSpec', 3, 363),
(385, 'XBBlockRev', 0, 382),
(386, 'XBNode', 9, 99),
(389, 'XBGroupSpec', 0, 386),
(392, 'XBGroupRev', 0, 389),
(393, 'XBBlockSpec', 0, 386),
(396, 'XBBlockRev', 0, 393),
(397, 'XBBlockSpec', 1, 386),
(400, 'XBBlockRev', 0, 397),
(401, 'XBBlockSpec', 2, 386),
(404, 'XBBlockRev', 0, 401),
(405, 'XBBlockSpec', 3, 386),
(408, 'XBBlockRev', 0, 405),
(409, 'XBBlockSpec', 4, 386),
(412, 'XBBlockRev', 0, 409),
(413, 'XBBlockSpec', 5, 386),
(416, 'XBBlockRev', 0, 413),
(417, 'XBBlockSpec', 6, 386),
(420, 'XBBlockRev', 0, 417),
(421, 'XBNode', 10, 99),
(424, 'XBGroupSpec', 0, 421),
(427, 'XBGroupRev', 0, 424),
(428, 'XBBlockSpec', 0, 421),
(431, 'XBBlockRev', 0, 428),
(432, 'XBBlockSpec', 1, 421),
(435, 'XBBlockRev', 0, 432),
(436, 'XBBlockSpec', 2, 421),
(439, 'XBBlockRev', 0, 436),
(440, 'XBBlockSpec', 3, 421),
(443, 'XBBlockRev', 0, 440),
(444, 'XBBlockSpec', 4, 421),
(447, 'XBBlockRev', 0, 444),
(448, 'XBBlockSpec', 5, 421),
(451, 'XBBlockRev', 0, 448),
(452, 'XBBlockSpec', 6, 421),
(455, 'XBBlockRev', 0, 452),
(456, 'XBNode', 11, 99),
(459, 'XBGroupSpec', 0, 456),
(462, 'XBBlockSpec', 0, 456),
(465, 'XBBlockRev', 0, 462),
(466, 'XBBlockSpec', 1, 456),
(469, 'XBBlockRev', 0, 466),
(470, 'XBBlockSpec', 2, 456),
(473, 'XBBlockRev', 0, 470),
(474, 'XBBlockSpec', 3, 456),
(477, 'XBBlockRev', 0, 474),
(478, 'XBNode', 12, 99),
(481, 'XBGroupSpec', 0, 478),
(484, 'XBGroupRev', 0, 481),
(485, 'XBBlockSpec', 0, 478),
(488, 'XBBlockRev', 0, 485),
(489, 'XBBlockSpec', 1, 478),
(492, 'XBBlockRev', 0, 489),
(493, 'XBNode', 13, 99),
(496, 'XBGroupSpec', 0, 493),
(499, 'XBGroupRev', 0, 496),
(500, 'XBBlockSpec', 0, 493),
(503, 'XBBlockRev', 0, 500),
(504, 'XBBlockSpec', 1, 493),
(507, 'XBBlockRev', 0, 504),
(508, 'XBBlockSpec', 2, 493),
(511, 'XBBlockRev', 0, 508),
(512, 'XBBlockSpec', 3, 493),
(515, 'XBBlockRev', 0, 512),
(516, 'XBBlockSpec', 4, 493),
(519, 'XBBlockRev', 0, 516),
(520, 'XBFormatSpec', 0, 99),
(523, 'XBFormatRev', 0, 520),
(524, 'XBGroupSpec', 0, 29),
(527, 'XBGroupRev', 0, 524),
(528, 'XBBlockSpec', 0, 29),
(531, 'XBBlockRev', 0, 528),
(532, 'XBBlockSpec', 1, 29),
(535, 'XBBlockRev', 0, 532),
(536, 'XBBlockSpec', 2, 29),
(539, 'XBBlockRev', 0, 536),
(540, 'XBBlockSpec', 3, 29),
(543, 'XBBlockRev', 0, 540),
(544, 'XBBlockSpec', 4, 29),
(547, 'XBBlockRev', 0, 544),
(548, 'XBBlockSpec', 5, 29),
(551, 'XBBlockRev', 0, 548),
(552, 'XBBlockSpec', 6, 29),
(555, 'XBBlockRev', 0, 552),
(556, 'XBBlockSpec', 7, 29),
(559, 'XBBlockRev', 0, 556),
(560, 'XBBlockSpec', 8, 29),
(563, 'XBBlockRev', 0, 560),
(564, 'XBBlockSpec', 9, 29),
(567, 'XBBlockRev', 0, 564),
(568, 'XBBlockSpec', 10, 29),
(571, 'XBBlockRev', 0, 568),
(572, 'XBBlockSpec', 11, 29),
(575, 'XBBlockRev', 0, 572),
(576, 'XBBlockSpec', 12, 29),
(579, 'XBBlockRev', 0, 576),
(580, 'XBBlockSpec', 13, 29),
(583, 'XBBlockRev', 0, 580),
(584, 'XBNode', 1, 10),
(1081, 'XBBlockJoin', 0, 64),
(596, 'XBNode', 1, 584),
(599, 'XBNode', 1, 596),
(602, 'XBNode', 0, 599),
(605, 'XBBlockSpec', 0, 602),
(608, 'XBBlockRev', 0, 605),
(609, 'XBFormatSpec', 6, 599),
(612, 'XBBlockSpec', 0, 599),
(615, 'XBBlockRev', 0, 612),
(616, 'XBBlockSpec', 1, 599),
(619, 'XBBlockRev', 0, 616),
(620, 'XBBlockSpec', 2, 599),
(623, 'XBBlockRev', 0, 620),
(624, 'XBBlockSpec', 3, 599),
(627, 'XBBlockRev', 0, 624),
(628, 'XBBlockSpec', 4, 599),
(631, 'XBBlockRev', 0, 628),
(632, 'XBBlockSpec', 5, 599),
(635, 'XBBlockRev', 0, 632),
(636, 'XBBlockSpec', 7, 599),
(639, 'XBBlockRev', 0, 636),
(640, 'XBNode', 2, 584),
(643, 'XBNode', 1, 640),
(646, 'XBNode', 2, 640),
(649, 'XBNode', 3, 640),
(652, 'XBNode', 3, 584),
(655, 'XBNode', 1, 652),
(658, 'XBNode', 1, 655),
(661, 'XBGroupSpec', 0, 658),
(664, 'XBGroupRev', 0, 661),
(665, 'XBBlockSpec', 1, 658),
(668, 'XBBlockRev', 0, 665),
(669, 'XBNode', 2, 655),
(672, 'XBFormatSpec', 0, 669),
(675, 'XBFormatRev', 0, 672),
(676, 'XBGroupSpec', 0, 669),
(679, 'XBGroupRev', 0, 676),
(680, 'XBBlockSpec', 0, 669),
(683, 'XBBlockRev', 0, 680),
(684, 'XBBlockSpec', 1, 669),
(687, 'XBBlockRev', 0, 684),
(688, 'XBBlockSpec', 2, 669),
(691, 'XBBlockRev', 0, 688),
(692, 'XBBlockSpec', 0, 655),
(695, 'XBBlockRev', 0, 692),
(696, 'XBBlockSpec', 1, 655),
(699, 'XBBlockRev', 0, 696),
(700, 'XBBlockSpec', 2, 655),
(703, 'XBBlockRev', 0, 700),
(704, 'XBNode', 2, 652),
(707, 'XBNode', 4, 584),
(711, 'XBNode', 0, 707),
(718, 'XBNode', 0, 711),
(721, 'XBGroupSpec', 1, 718),
(724, 'XBGroupRev', 0, 721),
(725, 'XBBlockSpec', 1, 718),
(728, 'XBBlockRev', 0, 725),
(729, 'XBBlockSpec', 2, 718),
(732, 'XBBlockRev', 0, 729),
(733, 'XBNode', 1, 711),
(1407, 'XBBlockJoin', 0, 40),
(739, 'XBFormatSpec', 1, 733),
(742, 'XBFormatRev', 0, 739),
(743, 'XBGroupSpec', 1, 733),
(746, 'XBGroupRev', 0, 743),
(747, 'XBBlockSpec', 1, 733),
(750, 'XBBlockRev', 0, 747),
(751, 'XBBlockSpec', 2, 733),
(754, 'XBBlockRev', 0, 751),
(755, 'XBBlockSpec', 3, 733),
(758, 'XBBlockRev', 0, 755),
(759, 'XBBlockSpec', 4, 733),
(762, 'XBBlockRev', 0, 759),
(763, 'XBBlockSpec', 5, 733),
(766, 'XBBlockRev', 0, 763),
(767, 'XBBlockSpec', 6, 733),
(770, 'XBBlockRev', 0, 767),
(771, 'XBBlockSpec', 7, 733),
(774, 'XBBlockRev', 0, 771),
(775, 'XBFormatSpec', 1, 711),
(778, 'XBFormatRev', 0, 775),
(779, 'XBNode', 5, 584),
(782, 'XBNode', 6, 584),
(789, 'XBNode', 1, 782),
(793, 'XBFormatSpec', 0, 789),
(796, 'XBFormatRev', 0, 793),
(797, 'XBGroupSpec', 0, 789),
(800, 'XBGroupRev', 0, 797),
(801, 'XBBlockSpec', 0, 789),
(804, 'XBBlockRev', 0, 801),
(805, 'XBBlockSpec', 1, 789),
(808, 'XBBlockRev', 0, 805),
(809, 'XBBlockSpec', 2, 789),
(812, 'XBBlockRev', 0, 809),
(813, 'XBBlockSpec', 3, 789),
(816, 'XBBlockRev', 0, 813),
(817, 'XBBlockSpec', 4, 789),
(820, 'XBBlockRev', 0, 817),
(821, 'XBBlockSpec', 5, 789),
(824, 'XBBlockRev', 0, 821),
(825, 'XBBlockSpec', 6, 789),
(828, 'XBBlockRev', 0, 825),
(829, 'XBBlockSpec', 7, 789),
(832, 'XBBlockRev', 0, 829),
(833, 'XBBlockSpec', 8, 789),
(836, 'XBBlockRev', 0, 833),
(838, 'XBBlockSpec', 9, 789),
(841, 'XBBlockRev', 0, 838),
(842, 'XBBlockSpec', 10, 789),
(845, 'XBBlockRev', 0, 842),
(846, 'XBBlockSpec', 11, 789),
(849, 'XBBlockRev', 0, 846),
(851, 'XBBlockSpec', 12, 789),
(854, 'XBBlockRev', 0, 851),
(856, 'XBNode', 2, 782),
(859, 'XBGroupSpec', 1, 856),
(862, 'XBGroupRev', 0, 859),
(863, 'XBBlockSpec', 1, 856),
(866, 'XBBlockRev', 0, 863),
(867, 'XBNode', 3, 782),
(870, 'XBFormatSpec', 1, 584),
(873, 'XBFormatRev', 0, 870),
(874, 'XBNode', 2, 10),
(1053, 'XBNode', 7, 584),
(1054, 'XBNode', 0, 1053),
(1055, 'XBNode', 0, 584),
(1056, 'XBGroupSpec', 0, 1055),
(1057, 'XBGroupRev', 0, 1056),
(1058, 'XBFormatSpec', 0, 1055),
(1059, 'XBFormatRev', 0, 1058),
(1060, 'XBBlockSpec', 0, 1055),
(1061, 'XBBlockSpec', 8, 1055),
(1062, 'XBBlockSpec', 1, 1055),
(1063, 'XBBlockRev', 0, 1060),
(1064, 'XBBlockRev', 0, 1062),
(1065, 'XBBlockRev', 0, 1061),
(1082, 'XBBlockJoin', 0, 68),
(1085, 'XBBlockCons', 1, 79),
(1086, 'XBBlockCons', 1, 83),
(1087, 'XBBlockCons', 0, 91),
(1088, 'XBBlockListJoin', 0, 95),
(1089, 'XBGroupCons', 0, 105),
(1090, 'XBGroupCons', 1, 105),
(1091, 'XBGroupCons', 2, 105),
(1092, 'XBGroupCons', 3, 105),
(1093, 'XBGroupCons', 0, 128),
(1094, 'XBGroupCons', 1, 128),
(1095, 'XBGroupCons', 0, 146),
(1096, 'XBGroupCons', 1, 146),
(1097, 'XBGroupCons', 2, 146),
(1098, 'XBGroupCons', 0, 165),
(1099, 'XBGroupCons', 1, 165),
(1100, 'XBGroupCons', 2, 165),
(1101, 'XBGroupCons', 3, 165),
(1102, 'XBGroupCons', 4, 165),
(1103, 'XBGroupCons', 5, 165),
(1104, 'XBGroupCons', 6, 165),
(1105, 'XBGroupCons', 7, 165),
(1106, 'XBGroupCons', 8, 165),
(1107, 'XBGroupCons', 9, 165),
(1108, 'XBGroupCons', 10, 165),
(1109, 'XBGroupCons', 11, 165),
(1110, 'XBGroupCons', 12, 165),
(1111, 'XBGroupCons', 13, 165),
(1112, 'XBGroupCons', 14, 165),
(1113, 'XBGroupCons', 15, 165),
(1114, 'XBGroupCons', 16, 165),
(1115, 'XBGroupCons', 17, 165),
(1116, 'XBGroupCons', 18, 165),
(1117, 'XBGroupCons', 19, 165),
(1118, 'XBGroupCons', 20, 165),
(1119, 'XBGroupCons', 21, 165),
(1120, 'XBGroupCons', 22, 165),
(1121, 'XBGroupCons', 23, 165),
(1122, 'XBGroupCons', 24, 165),
(1123, 'XBGroupCons', 25, 165),
(1124, 'XBGroupCons', 26, 165),
(1125, 'XBGroupCons', 0, 286),
(1126, 'XBGroupCons', 1, 286),
(1127, 'XBGroupCons', 2, 286),
(1128, 'XBGroupCons', 3, 286),
(1129, 'XBGroupCons', 4, 286),
(1130, 'XBGroupCons', 5, 286),
(1131, 'XBGroupCons', 6, 286),
(1132, 'XBGroupCons', 7, 286),
(1133, 'XBGroupCons', 8, 286),
(1134, 'XBGroupCons', 9, 286),
(1135, 'XBGroupCons', 0, 336),
(1136, 'XBGroupCons', 1, 336),
(1137, 'XBGroupCons', 0, 351),
(1138, 'XBGroupCons', 1, 351),
(1139, 'XBGroupCons', 0, 366),
(1140, 'XBGroupCons', 1, 366),
(1141, 'XBGroupCons', 2, 366),
(1142, 'XBGroupCons', 3, 366),
(1143, 'XBGroupCons', 0, 389),
(1144, 'XBGroupCons', 1, 389),
(1145, 'XBGroupCons', 2, 389),
(1146, 'XBGroupCons', 3, 389),
(1147, 'XBGroupCons', 4, 389),
(1148, 'XBGroupCons', 5, 389),
(1149, 'XBGroupCons', 6, 389),
(1150, 'XBGroupCons', 0, 424),
(1151, 'XBGroupCons', 1, 424),
(1152, 'XBGroupCons', 2, 424),
(1153, 'XBGroupCons', 3, 424),
(1154, 'XBGroupCons', 4, 424),
(1155, 'XBGroupCons', 5, 424),
(1156, 'XBGroupCons', 6, 424),
(1157, 'XBGroupCons', 0, 459),
(1158, 'XBGroupCons', 1, 459),
(1159, 'XBGroupCons', 2, 459),
(1160, 'XBGroupCons', 3, 459),
(1161, 'XBGroupCons', 0, 481),
(1162, 'XBGroupCons', 1, 481),
(1163, 'XBGroupCons', 0, 496),
(1164, 'XBGroupCons', 1, 496),
(1165, 'XBGroupCons', 2, 496),
(1166, 'XBGroupCons', 3, 496),
(1167, 'XBGroupCons', 4, 496),
(1168, 'XBFormatCons', 0, 520),
(1169, 'XBFormatCons', 1, 520),
(1170, 'XBFormatCons', 3, 520),
(1171, 'XBFormatCons', 4, 520),
(1172, 'XBFormatCons', 5, 520),
(1173, 'XBFormatCons', 6, 520),
(1174, 'XBFormatCons', 7, 520),
(1175, 'XBFormatCons', 8, 520),
(1176, 'XBFormatCons', 9, 520),
(1177, 'XBFormatCons', 10, 520),
(1178, 'XBFormatCons', 11, 520),
(1179, 'XBFormatCons', 12, 520),
(1180, 'XBFormatCons', 13, 520),
(1181, 'XBGroupCons', 0, 524),
(1182, 'XBGroupCons', 1, 524),
(1183, 'XBGroupCons', 2, 524),
(1184, 'XBGroupCons', 3, 524),
(1185, 'XBGroupCons', 4, 524),
(1186, 'XBGroupCons', 5, 524),
(1187, 'XBGroupCons', 6, 524),
(1188, 'XBGroupCons', 7, 524),
(1189, 'XBGroupCons', 8, 524),
(1190, 'XBGroupCons', 9, 524),
(1191, 'XBGroupCons', 10, 524),
(1192, 'XBGroupCons', 11, 524),
(1343, 'XBBlockSpec', 14, 29),
(1342, 'XBBlockListCons', 0, 540),
(1386, 'XBBlockJoin', 0, 580),
(1198, 'XBBlockCons', 0, 605),
(1199, 'XBBlockCons', 0, 612),
(1200, 'XBBlockCons', 0, 616),
(1201, 'XBGroupCons', 0, 661),
(1202, 'XBFormatCons', 0, 672),
(1203, 'XBFormatCons', 1, 672),
(1204, 'XBGroupCons', 0, 676),
(1205, 'XBGroupCons', 1, 676),
(1206, 'XBGroupCons', 2, 676),
(1207, 'XBGroupCons', 0, 721),
(1208, 'XBGroupCons', 1, 721),
(1209, 'XBFormatCons', 1, 739),
(1210, 'XBGroupCons', 1, 743),
(1211, 'XBGroupCons', 2, 743),
(1212, 'XBGroupCons', 3, 743),
(1213, 'XBGroupCons', 4, 743),
(1214, 'XBGroupCons', 5, 743),
(1215, 'XBGroupCons', 6, 743),
(1216, 'XBGroupCons', 7, 743),
(1217, 'XBFormatCons', 0, 775),
(1218, 'XBFormatCons', 1, 775),
(1219, 'XBFormatCons', 0, 793),
(1220, 'XBFormatCons', 1, 793),
(1221, 'XBFormatCons', 2, 793),
(1222, 'XBGroupCons', 0, 797),
(1223, 'XBGroupCons', 1, 797),
(1224, 'XBGroupCons', 2, 797),
(1225, 'XBGroupCons', 3, 797),
(1226, 'XBGroupCons', 4, 797),
(1227, 'XBGroupCons', 5, 797),
(1228, 'XBGroupCons', 6, 797),
(1229, 'XBGroupCons', 7, 797),
(1230, 'XBGroupCons', 8, 797),
(1231, 'XBGroupCons', 9, 797),
(1232, 'XBGroupCons', 10, 797),
(1233, 'XBGroupCons', 11, 797),
(1234, 'XBGroupCons', 12, 797),
(1235, 'XBBlockCons', 0, 801),
(1236, 'XBBlockCons', 1, 801),
(1237, 'XBGroupCons', 0, 859),
(1238, 'XBGroupCons', 1, 859),
(1239, 'XBFormatCons', 0, 870),
(1240, 'XBFormatCons', 1, 870),
(1241, 'XBFormatCons', 2, 870),
(1242, 'XBSpecDef', 0, 1075),
(1243, 'XBSpecDef', 0, 1074),
(1244, 'XBSpecDef', 8, 1074),
(1245, 'XBSpecDef', 1, 1074),
(1246, 'XBSpec', 22, NULL),
(1247, 'XBSpecDef', 0, 1246),
(1248, 'XBSpecDef', 1, 1246),
(1250, 'XBSpecDef', 0, 1249),
(1251, 'XBSpecDef', 1, 1249),
(1253, 'XBBlockJoin', 0, 1252),
(1254, 'XBBlockJoin', 1, 1252),
(1256, 'XBBlockJoin', NULL, NULL),
(1258, 'XBBlockJoin', NULL, NULL),
(1260, 'XBBlockJoin', NULL, NULL),
(1262, 'XBBlockJoin', NULL, NULL),
(1264, 'XBBlockJoin', NULL, NULL),
(1266, 'XBBlockJoin', NULL, NULL),
(1268, 'XBBlockJoin', NULL, NULL),
(1270, 'XBBlockJoin', NULL, NULL),
(1272, 'XBBlockJoin', NULL, NULL),
(1274, 'XBBlockJoin', NULL, NULL),
(1276, 'XBBlockJoin', NULL, NULL),
(1278, 'XBBlockJoin', NULL, NULL),
(1280, 'XBBlockJoin', NULL, NULL),
(1282, 'XBBlockJoin', NULL, NULL),
(1284, 'XBBlockJoin', 0, 1283),
(1285, 'XBBlockJoin', NULL, NULL),
(1287, 'XBBlockJoin', 0, 1286),
(1288, 'XBBlockJoin', 1, 1286),
(1290, 'XBBlockJoin', 0, 1289),
(1291, 'XBBlockJoin', 1, 1289),
(1293, 'XBBlockJoin', 0, 1292),
(1294, 'XBBlockJoin', 1, 1292),
(1296, 'XBBlockJoin', 0, 1295),
(1297, 'XBBlockJoin', 1, 1295),
(1306, 'XBBlockSpec', 0, 584),
(1418, 'XBBlockJoin', 0, 60),
(1387, 'XBBlockJoin', 0, 1343),
(1402, 'XBGroupCons', 12, 524),
(1327, 'XBBlockJoin', 0, 532),
(1328, 'XBBlockJoin', 1, 532),
(1329, 'XBBlockCons', 2, 532),
(1331, 'XBBlockCons', 3, 532),
(1365, 'XBBlockJoin', 0, 1359),
(1339, 'XBBlockJoin', 1, 1335),
(1338, 'XBBlockRev', 0, 1335),
(1340, 'XBBlockJoin', 0, 536),
(1341, 'XBBlockJoin', 1, 536),
(1344, 'XBBlockSpec', 15, 29),
(1345, 'XBBlockSpec', 16, 29),
(1358, 'XBBlockJoin', 0, 548),
(1347, 'XBBlockRev', 0, 1345),
(1348, 'XBBlockListJoin', 1, 540),
(1356, 'XBBlockJoin', 0, 1345),
(1357, 'XBBlockJoin', 0, 544),
(1359, 'XBBlockSpec', 11, 33),
(1360, 'XBBlockSpec', 9, 33),
(1361, 'XBBlockSpec', 12, 33),
(1362, 'XBBlockListJoin', 0, 1360),
(1363, 'XBBlockRev', 0, 1360),
(1364, 'XBBlockJoin', 0, 1335),
(1366, 'XBBlockJoin', 1, 1359),
(1367, 'XBBlockRev', 0, 1359),
(1368, 'XBBlockJoin', 0, 1361),
(1369, 'XBBlockJoin', 1, 1361),
(1370, 'XBBlockRev', 0, 1361),
(1371, 'XBBlockJoin', 0, 552),
(1372, 'XBBlockJoin', 1, 552),
(1373, 'XBBlockCons', 2, 552),
(1374, 'XBBlockListCons', 0, 556),
(1375, 'XBBlockListJoin', 1, 556),
(1376, 'XBBlockJoin', 0, 560),
(1377, 'XBBlockJoin', 0, 564),
(1378, 'XBBlockJoin', 0, 568),
(1379, 'XBBlockJoin', 1, 568),
(1380, 'XBBlockCons', 2, 568),
(1381, 'XBBlockRev', 0, 1344),
(1382, 'XBBlockRev', 0, 1343),
(1383, 'XBBlockListCons', 0, 572),
(1384, 'XBBlockListJoin', 1, 572),
(1385, 'XBBlockJoin', 0, 576),
(1388, 'XBBlockJoin', 0, 1344),
(1389, 'XBFormatSpec', 0, 779),
(1390, 'XBBlockSpec', 0, 779),
(1391, 'XBGroupSpec', 1, 779),
(1392, 'XBBlockJoin', 0, 1390),
(1393, 'XBBlockJoin', 1, 1390),
(1394, 'XBBlockJoin', 2, 1390),
(1395, 'XBBlockJoin', 3, 1390),
(1396, 'XBBlockJoin', 4, 1390),
(1397, 'XBBlockRev', 0, 1390),
(1398, 'XBGroupCons', 0, 1391),
(1399, 'XBGroupRev', 0, 1391),
(1400, 'XBFormatCons', 0, 1389),
(1401, 'XBFormatRev', 0, 1389),
(1403, 'XBGroupCons', 13, 524),
(1404, 'XBGroupCons', 14, 524),
(1405, 'XBGroupCons', 15, 524),
(1406, 'XBGroupCons', 16, 524),
(1408, 'XBBlockJoin', 0, 851),
(1409, 'XBBlockJoin', 1, 851),
(1410, 'XBBlockJoin', 0, 48),
(1411, 'XBBlockJoin', 0, 44),
(1412, 'XBBlockJoin', 0, 52),
(1413, 'XBBlockCons', 0, 680),
(1414, 'XBBlockCons', 0, 688),
(1415, 'XBBlockCons', 0, 684),
(1416, 'XBBlockJoin', 0, 833),
(1417, 'XBBlockCons', 1, 833),
(1419, 'XBBlockJoin', 0, 72),
(1420, 'XBBlockJoin', 1, 72);

-- --------------------------------------------------------

--
-- Struktura tabulky `XBITEMINFO`
--

CREATE TABLE IF NOT EXISTS `XBITEMINFO` (
  `ID` bigint(20) NOT NULL AUTO_INCREMENT,
  `CREATIONDATE` time DEFAULT NULL,
  `ITEM_ID` bigint(20) DEFAULT NULL,
  `OWNER_ID` bigint(20) DEFAULT NULL,
  `CREATEDBYUSER_ID` bigint(20) DEFAULT NULL,
  PRIMARY KEY (`ID`),
  KEY `FK_XBITEMINFO_ITEM_ID` (`ITEM_ID`),
  KEY `FK_XBITEMINFO_CREATEDBYUSER_ID` (`CREATEDBYUSER_ID`),
  KEY `FK_XBITEMINFO_OWNER_ID` (`OWNER_ID`)
) ENGINE=MyISAM DEFAULT CHARSET=utf8 COLLATE=utf8_czech_ci AUTO_INCREMENT=1 ;

-- --------------------------------------------------------

--
-- Struktura tabulky `XBITEMLIMI`
--

CREATE TABLE IF NOT EXISTS `XBITEMLIMI` (
  `ID` bigint(20) NOT NULL AUTO_INCREMENT,
  `XBINDEX` bigint(20) DEFAULT NULL,
  `OWNER_ID` bigint(20) DEFAULT NULL,
  `TARGET_ID` bigint(20) DEFAULT NULL,
  PRIMARY KEY (`ID`),
  KEY `FK_XBITEMLIMI_TARGET_ID` (`TARGET_ID`),
  KEY `FK_XBITEMLIMI_OWNER_ID` (`OWNER_ID`)
) ENGINE=MyISAM DEFAULT CHARSET=utf8 COLLATE=utf8_czech_ci AUTO_INCREMENT=1 ;

-- --------------------------------------------------------

--
-- Struktura tabulky `XBJOINDEF`
--

CREATE TABLE IF NOT EXISTS `XBJOINDEF` (
  `ID` bigint(20) NOT NULL,
  PRIMARY KEY (`ID`)
) ENGINE=MyISAM DEFAULT CHARSET=utf8 COLLATE=utf8_czech_ci;

--
-- Vypisuji data pro tabulku `XBJOINDEF`
--

INSERT INTO `XBJOINDEF` (`ID`) VALUES
(1081),
(1082),
(1088),
(1253),
(1254),
(1256),
(1258),
(1260),
(1262),
(1264),
(1266),
(1268),
(1270),
(1272),
(1274),
(1276),
(1278),
(1280),
(1282),
(1284),
(1285),
(1287),
(1288),
(1290),
(1291),
(1293),
(1294),
(1296),
(1297),
(1327),
(1328),
(1339),
(1340),
(1341),
(1348),
(1356),
(1357),
(1358),
(1362),
(1364),
(1365),
(1366),
(1368),
(1369),
(1371),
(1372),
(1375),
(1376),
(1377),
(1378),
(1379),
(1384),
(1385),
(1386),
(1387),
(1388),
(1392),
(1393),
(1394),
(1395),
(1396),
(1407),
(1408),
(1409),
(1410),
(1411),
(1412),
(1416),
(1418),
(1419),
(1420);

-- --------------------------------------------------------

--
-- Struktura tabulky `XBNODE`
--

CREATE TABLE IF NOT EXISTS `XBNODE` (
  `ID` bigint(20) NOT NULL,
  `CNAMEORDER` bigint(20) DEFAULT NULL,
  `CSTRIORDER` bigint(20) DEFAULT NULL,
  PRIMARY KEY (`ID`),
  KEY `CNAMEORDER` (`CNAMEORDER`),
  KEY `CSTRIORDER` (`CSTRIORDER`)
) ENGINE=MyISAM DEFAULT CHARSET=utf8 COLLATE=utf8_czech_ci;

--
-- Vypisuji data pro tabulku `XBNODE`
--

INSERT INTO `XBNODE` (`ID`, `CNAMEORDER`, `CSTRIORDER`) VALUES
(10, 0, 0),
(29, 1, 1),
(33, 3, 18),
(76, 2, 17),
(99, 5, 2),
(102, 18, 3),
(125, 11, 4),
(140, 7, 5),
(143, 13, 6),
(162, 16, 7),
(283, 19, 8),
(333, 6, 9),
(348, 17, 10),
(363, 14, 11),
(386, 15, 12),
(421, 8, 13),
(456, 12, 14),
(478, 9, 15),
(493, 10, 16),
(584, 21, 21),
(593, 0, 0),
(596, 23, 22),
(599, 24, 23),
(602, 25, 24),
(640, 32, 25),
(643, 33, 26),
(646, 35, 27),
(649, 34, 28),
(652, 37, 29),
(655, 38, 30),
(658, 39, 31),
(669, 40, 32),
(704, 41, 33),
(707, 42, 42),
(711, 43, 43),
(718, 44, 44),
(733, 45, 45),
(779, 22, 34),
(782, 26, 36),
(789, 29, 39),
(856, 28, 37),
(867, 27, 38),
(874, 20, 20),
(1053, 30, 40),
(1054, 31, 41),
(1055, 36, 35),
(1070, 0, 0),
(1101, 1, 1),
(1304, 0, 0),
(1305, 0, 0),
(1, 0, 0),
(1307, 0, 0),
(1308, 0, 0);

-- --------------------------------------------------------

--
-- Struktura tabulky `XBNODETREE`
--

CREATE TABLE IF NOT EXISTS `XBNODETREE` (
  `ID` bigint(20) NOT NULL AUTO_INCREMENT,
  `DEPTHLEVEL` int(11) NOT NULL,
  `NODE_ID` bigint(20) NOT NULL,
  `OWNER_ID` bigint(20) NOT NULL,
  `ROOT_ID` bigint(20) DEFAULT NULL,
  PRIMARY KEY (`ID`),
  KEY `FK_XBNODETREE_OWNER_ID` (`OWNER_ID`),
  KEY `FK_XBNODETREE_NODE_ID` (`NODE_ID`),
  KEY `FK_XBNODETREE_ROOT_ID` (`ROOT_ID`)
) ENGINE=MyISAM  DEFAULT CHARSET=utf8 COLLATE=utf8_czech_ci AUTO_INCREMENT=130 ;

--
-- Vypisuji data pro tabulku `XBNODETREE`
--

INSERT INTO `XBNODETREE` (`ID`, `DEPTHLEVEL`, `NODE_ID`, `OWNER_ID`, `ROOT_ID`) VALUES
(1, 1, 29, 10, 1),
(2, 1, 33, 29, 1),
(3, 1, 37, 33, 1),
(4, 1, 76, 29, 1),
(5, 1, 99, 29, 1),
(6, 1, 102, 99, 1),
(7, 1, 125, 99, 1),
(8, 1, 140, 99, 1),
(9, 1, 143, 99, 1),
(10, 1, 162, 99, 1),
(11, 1, 283, 99, 1),
(12, 1, 333, 99, 1),
(13, 1, 348, 99, 1),
(14, 1, 363, 99, 1),
(15, 1, 386, 99, 1),
(16, 1, 421, 99, 1),
(17, 1, 456, 99, 1),
(18, 1, 478, 99, 1),
(19, 1, 493, 99, 1),
(20, 1, 584, 10, 1),
(21, 1, 596, 584, 1),
(22, 1, 599, 596, 1),
(23, 1, 602, 599, 1),
(24, 1, 640, 584, 1),
(25, 1, 643, 640, 1),
(26, 1, 646, 640, 1),
(27, 1, 649, 640, 1),
(28, 1, 652, 584, 1),
(29, 1, 655, 652, 1),
(30, 1, 658, 655, 1),
(31, 1, 669, 655, 1),
(32, 1, 704, 652, 1),
(33, 1, 707, 584, 1),
(34, 1, 711, 707, 1),
(35, 1, 718, 711, 1),
(36, 1, 733, 711, 1),
(37, 1, 736, 733, 1),
(38, 1, 779, 584, 1),
(39, 1, 782, 584, 1),
(40, 1, 789, 782, 1),
(41, 1, 856, 782, 1),
(42, 1, 867, 782, 1),
(43, 1, 874, 10, 1),
(44, 1, 1053, 584, 1),
(45, 1, 1054, 1053, 1),
(46, 1, 1055, 584, 1),
(47, 1, 1101, 165, NULL),
(48, 2, 33, 10, 1),
(49, 2, 37, 29, 1),
(50, 2, 76, 10, 1),
(51, 2, 99, 10, 1),
(52, 2, 102, 29, 1),
(53, 2, 125, 29, 1),
(54, 2, 140, 29, 1),
(55, 2, 143, 29, 1),
(56, 2, 162, 29, 1),
(57, 2, 283, 29, 1),
(58, 2, 333, 29, 1),
(59, 2, 348, 29, 1),
(60, 2, 363, 29, 1),
(61, 2, 386, 29, 1),
(62, 2, 421, 29, 1),
(63, 2, 456, 29, 1),
(64, 2, 478, 29, 1),
(65, 2, 493, 29, 1),
(66, 2, 596, 10, 1),
(67, 2, 599, 584, 1),
(68, 2, 602, 596, 1),
(69, 2, 640, 10, 1),
(70, 2, 643, 584, 1),
(71, 2, 646, 584, 1),
(72, 2, 649, 584, 1),
(73, 2, 652, 10, 1),
(74, 2, 655, 584, 1),
(75, 2, 658, 652, 1),
(76, 2, 669, 652, 1),
(77, 2, 704, 584, 1),
(78, 2, 707, 10, 1),
(79, 2, 711, 584, 1),
(80, 2, 718, 707, 1),
(81, 2, 733, 707, 1),
(82, 2, 736, 711, 1),
(83, 2, 779, 10, 1),
(84, 2, 782, 10, 1),
(85, 2, 789, 584, 1),
(86, 2, 856, 584, 1),
(87, 2, 867, 584, 1),
(88, 2, 1053, 10, 1),
(89, 2, 1054, 584, 1),
(90, 2, 1055, 10, 1),
(91, 3, 37, 10, 1),
(92, 3, 102, 10, 1),
(93, 3, 125, 10, 1),
(94, 3, 140, 10, 1),
(95, 3, 143, 10, 1),
(96, 3, 162, 10, 1),
(97, 3, 283, 10, 1),
(98, 3, 333, 10, 1),
(99, 3, 348, 10, 1),
(100, 3, 363, 10, 1),
(101, 3, 386, 10, 1),
(102, 3, 421, 10, 1),
(103, 3, 456, 10, 1),
(104, 3, 478, 10, 1),
(105, 3, 493, 10, 1),
(106, 3, 599, 10, 1),
(107, 3, 602, 584, 1),
(108, 3, 643, 10, 1),
(109, 3, 646, 10, 1),
(110, 3, 649, 10, 1),
(111, 3, 655, 10, 1),
(112, 3, 658, 584, 1),
(113, 3, 669, 584, 1),
(114, 3, 704, 10, 1),
(115, 3, 711, 10, 1),
(116, 3, 718, 584, 1),
(117, 3, 733, 584, 1),
(118, 3, 736, 707, 1),
(119, 3, 789, 10, 1),
(120, 3, 856, 10, 1),
(121, 3, 867, 10, 1),
(122, 3, 1054, 10, 1),
(123, 4, 602, 10, 1),
(124, 4, 658, 10, 1),
(125, 4, 669, 10, 1),
(126, 4, 718, 10, 1),
(127, 4, 733, 10, 1),
(128, 4, 736, 584, 1),
(129, 5, 736, 10, 1);

-- --------------------------------------------------------

--
-- Struktura tabulky `XBREV`
--

CREATE TABLE IF NOT EXISTS `XBREV` (
  `ID` bigint(20) NOT NULL,
  `XBLIMIT` bigint(20) DEFAULT NULL,
  PRIMARY KEY (`ID`)
) ENGINE=MyISAM DEFAULT CHARSET=utf8 COLLATE=utf8_czech_ci;

--
-- Vypisuji data pro tabulku `XBREV`
--

INSERT INTO `XBREV` (`ID`, `XBLIMIT`) VALUES
(14, 1),
(12, 1),
(17, 1),
(23, 1),
(20, 1),
(43, 1),
(47, 1),
(51, 1),
(55, 1),
(59, 0),
(63, 1),
(67, 1),
(71, 1),
(75, 2),
(82, 1),
(86, 1),
(90, 1),
(94, 1),
(98, 1),
(108, 4),
(112, 0),
(116, 0),
(120, 0),
(124, 0),
(131, 2),
(135, 0),
(139, 0),
(149, 3),
(153, 0),
(157, 0),
(161, 0),
(168, 27),
(172, 0),
(176, 0),
(180, 0),
(184, 0),
(188, 0),
(192, 0),
(196, 0),
(200, 0),
(204, 0),
(208, 0),
(212, 0),
(216, 0),
(220, 0),
(224, 0),
(228, 0),
(232, 0),
(236, 0),
(240, 0),
(244, 0),
(248, 0),
(252, 0),
(256, 0),
(260, 0),
(264, 0),
(268, 0),
(272, 0),
(276, 0),
(289, 10),
(293, 0),
(297, 0),
(301, 0),
(305, 0),
(309, 0),
(313, 0),
(317, 0),
(321, 0),
(325, 0),
(329, 0),
(339, 2),
(343, 0),
(347, 0),
(354, 2),
(358, 0),
(362, 0),
(369, 4),
(373, 0),
(377, 0),
(381, 0),
(385, 0),
(392, 7),
(396, 0),
(400, 0),
(404, 0),
(408, 0),
(412, 0),
(416, 0),
(420, 0),
(427, 7),
(431, 0),
(435, 0),
(439, 0),
(443, 0),
(447, 0),
(451, 0),
(455, 0),
(465, 0),
(469, 0),
(473, 0),
(477, 0),
(484, 2),
(488, 0),
(492, 0),
(499, 4),
(503, 0),
(507, 0),
(511, 0),
(515, 0),
(519, 0),
(523, 11),
(527, 17),
(531, 0),
(535, 4),
(539, 3),
(543, 2),
(547, 1),
(551, 1),
(555, 3),
(559, 2),
(563, 1),
(567, 1),
(571, 3),
(575, 2),
(579, 1),
(583, 1),
(608, 1),
(615, 2),
(619, 2),
(623, 1),
(627, 1),
(631, 1),
(635, 1),
(639, 1),
(664, 0),
(668, 1),
(675, 2),
(679, 3),
(683, 1),
(687, 1),
(691, 1),
(695, 1),
(699, 1),
(703, 1),
(724, 1),
(728, 1),
(732, 1),
(742, 1),
(746, 1),
(750, 1),
(754, 1),
(758, 1),
(762, 1),
(766, 1),
(770, 1),
(774, 1),
(778, 1),
(796, 3),
(800, 12),
(804, 1),
(808, 1),
(812, 1),
(816, 1),
(820, 1),
(824, 1),
(828, 1),
(832, 1),
(836, 1),
(841, 1),
(845, 1),
(849, 1),
(854, 2),
(862, 1),
(866, 1),
(873, 2),
(1105, 1),
(1103, 1),
(1111, 1),
(1114, 1),
(1108, 1),
(1057, 1),
(1059, 1),
(1063, 1),
(1064, 1),
(1065, 1),
(1076, 1),
(1077, 1),
(1078, 1),
(1079, 1),
(1080, 1),
(1338, 2),
(1347, 1),
(1363, 1),
(1367, 2),
(1370, 2),
(1381, 0),
(1382, 0),
(1397, 5),
(1399, 1),
(1401, 1);

-- --------------------------------------------------------

--
-- Struktura tabulky `XBROOT`
--

CREATE TABLE IF NOT EXISTS `XBROOT` (
  `ID` bigint(20) NOT NULL AUTO_INCREMENT,
  `DTYPE` varchar(31) COLLATE utf8_czech_ci DEFAULT NULL,
  `URL` varchar(255) COLLATE utf8_czech_ci DEFAULT NULL,
  `LASTUPDATE` datetime DEFAULT NULL,
  `NODE_ID` bigint(20) DEFAULT NULL,
  PRIMARY KEY (`ID`),
  KEY `FK_XBROOT_NODE_ID` (`NODE_ID`)
) ENGINE=MyISAM  DEFAULT CHARSET=utf8 COLLATE=utf8_czech_ci AUTO_INCREMENT=102 ;

--
-- Vypisuji data pro tabulku `XBROOT`
--

INSERT INTO `XBROOT` (`ID`, `DTYPE`, `URL`, `LASTUPDATE`, `NODE_ID`) VALUES
(1, 'XBRoot', NULL, '2015-01-11 15:17:43', 10);

-- --------------------------------------------------------

--
-- Struktura tabulky `XBSPEC`
--

CREATE TABLE IF NOT EXISTS `XBSPEC` (
  `ID` bigint(20) NOT NULL,
  PRIMARY KEY (`ID`)
) ENGINE=MyISAM DEFAULT CHARSET=utf8 COLLATE=utf8_czech_ci;

--
-- Vypisuji data pro tabulku `XBSPEC`
--

INSERT INTO `XBSPEC` (`ID`) VALUES
(11),
(13),
(16),
(19),
(22),
(40),
(44),
(48),
(52),
(56),
(60),
(72),
(79),
(83),
(87),
(91),
(95),
(105),
(109),
(113),
(117),
(121),
(128),
(132),
(136),
(146),
(150),
(154),
(158),
(165),
(169),
(173),
(177),
(181),
(185),
(189),
(193),
(197),
(201),
(205),
(209),
(213),
(217),
(221),
(225),
(229),
(233),
(237),
(241),
(245),
(249),
(253),
(257),
(261),
(265),
(269),
(273),
(277),
(280),
(286),
(290),
(294),
(298),
(302),
(306),
(310),
(314),
(318),
(322),
(326),
(330),
(336),
(340),
(344),
(351),
(355),
(359),
(366),
(370),
(374),
(378),
(382),
(389),
(393),
(397),
(401),
(405),
(409),
(413),
(417),
(424),
(428),
(432),
(436),
(440),
(444),
(448),
(452),
(459),
(462),
(466),
(470),
(474),
(481),
(485),
(489),
(496),
(500),
(504),
(508),
(512),
(516),
(520),
(524),
(528),
(532),
(536),
(540),
(544),
(548),
(552),
(556),
(560),
(564),
(568),
(572),
(576),
(580),
(605),
(609),
(612),
(616),
(620),
(624),
(628),
(632),
(636),
(661),
(665),
(672),
(676),
(680),
(684),
(688),
(692),
(696),
(700),
(721),
(725),
(729),
(739),
(743),
(747),
(751),
(755),
(759),
(763),
(767),
(771),
(775),
(793),
(797),
(801),
(805),
(809),
(813),
(817),
(821),
(825),
(829),
(833),
(838),
(842),
(846),
(851),
(859),
(863),
(870),
(1056),
(1058),
(1060),
(1061),
(1062),
(1071),
(1072),
(1073),
(1074),
(1075),
(1102),
(1104),
(1107),
(1110),
(1113),
(1246),
(1306),
(1335),
(1343),
(1344),
(1345),
(1359),
(1360),
(1361),
(1389),
(1390),
(1391);

-- --------------------------------------------------------

--
-- Struktura tabulky `XBSPECDEF`
--

CREATE TABLE IF NOT EXISTS `XBSPECDEF` (
  `ID` bigint(20) NOT NULL AUTO_INCREMENT,
  `TARGET_ID` bigint(20) DEFAULT NULL,
  PRIMARY KEY (`ID`),
  KEY `FK_XBSPECDEF_TARGET_ID` (`TARGET_ID`)
) ENGINE=MyISAM  DEFAULT CHARSET=utf8 COLLATE=utf8_czech_ci AUTO_INCREMENT=1421 ;

--
-- Vypisuji data pro tabulku `XBSPECDEF`
--

INSERT INTO `XBSPECDEF` (`ID`, `TARGET_ID`) VALUES
(1081, 51),
(1082, 51),
(1085, 43),
(1086, 43),
(1087, 43),
(1088, 43),
(1089, 112),
(1090, 116),
(1091, 120),
(1092, 124),
(1093, 135),
(1094, 139),
(1095, 153),
(1096, 157),
(1097, 161),
(1098, 172),
(1099, 176),
(1100, 180),
(1101, 184),
(1102, 188),
(1103, 192),
(1104, 196),
(1105, 200),
(1106, 204),
(1107, 208),
(1108, 212),
(1109, 216),
(1110, 220),
(1111, 224),
(1112, 228),
(1113, 232),
(1114, 236),
(1115, 240),
(1116, 244),
(1117, 248),
(1118, 252),
(1119, 256),
(1120, 260),
(1121, 264),
(1122, 268),
(1123, 272),
(1124, 276),
(1125, 293),
(1126, 297),
(1127, 301),
(1128, 305),
(1129, 309),
(1130, 313),
(1131, 317),
(1132, 321),
(1133, 325),
(1134, 329),
(1135, 343),
(1136, 347),
(1137, 358),
(1138, 362),
(1139, 373),
(1140, 377),
(1141, 381),
(1142, 385),
(1143, 396),
(1144, 400),
(1145, 404),
(1146, 408),
(1147, 412),
(1148, 416),
(1149, 420),
(1150, 431),
(1151, 435),
(1152, 439),
(1153, 443),
(1154, 447),
(1155, 451),
(1156, 455),
(1157, 465),
(1158, 469),
(1159, 473),
(1160, 477),
(1161, 488),
(1162, 492),
(1163, 503),
(1164, 507),
(1165, 511),
(1166, 515),
(1167, 519),
(1168, 108),
(1169, 131),
(1170, 149),
(1171, 168),
(1172, 289),
(1173, 339),
(1174, 354),
(1175, 369),
(1176, 392),
(1177, 427),
(1178, 131),
(1179, 484),
(1180, 499),
(1181, 531),
(1182, 535),
(1183, 539),
(1184, 543),
(1185, 547),
(1186, 551),
(1187, 555),
(1188, 559),
(1189, 563),
(1190, 567),
(1191, 571),
(1192, 575),
(1365, 1363),
(1339, 43),
(1357, 539),
(1342, NULL),
(1386, 571),
(1198, 43),
(1199, 608),
(1200, 608),
(1201, 668),
(1202, 664),
(1203, 679),
(1204, 683),
(1205, 668),
(1206, 691),
(1207, 728),
(1208, 732),
(1209, 746),
(1210, 750),
(1211, 754),
(1212, 758),
(1213, 762),
(1214, 766),
(1215, 770),
(1216, 774),
(1217, 724),
(1218, 746),
(1219, 800),
(1220, 679),
(1221, 862),
(1222, 804),
(1223, 808),
(1224, 812),
(1225, 816),
(1226, 820),
(1227, 824),
(1228, 828),
(1229, 832),
(1230, 836),
(1231, 841),
(1232, 845),
(1233, 849),
(1234, 854),
(1235, 808),
(1236, 836),
(1237, 866),
(1238, 866),
(1239, NULL),
(1240, NULL),
(1241, NULL),
(1242, 1076),
(1243, 1078),
(1244, 1079),
(1245, 1077),
(1247, NULL),
(1248, NULL),
(1250, NULL),
(1251, NULL),
(1253, NULL),
(1254, NULL),
(1256, NULL),
(1258, NULL),
(1260, NULL),
(1262, NULL),
(1264, NULL),
(1266, NULL),
(1268, NULL),
(1270, NULL),
(1272, NULL),
(1274, NULL),
(1276, NULL),
(1278, NULL),
(1280, NULL),
(1282, NULL),
(1284, 94),
(1285, NULL),
(1287, 94),
(1288, NULL),
(1290, 94),
(1291, NULL),
(1293, 94),
(1294, NULL),
(1296, 94),
(1297, NULL),
(1387, 571),
(1327, 43),
(1328, 43),
(1329, 539),
(1331, NULL),
(1340, 1338),
(1341, 43),
(1348, 1347),
(1356, 43),
(1358, 555),
(1362, 43),
(1364, 1363),
(1366, 43),
(1368, 1363),
(1369, 43),
(1371, 1367),
(1372, 43),
(1373, 559),
(1374, NULL),
(1375, 1347),
(1376, 555),
(1377, 571),
(1378, 1370),
(1379, 43),
(1380, 575),
(1383, NULL),
(1384, 1347),
(1385, 571),
(1388, 571),
(1392, 43),
(1393, 43),
(1394, 43),
(1395, 43),
(1396, 43),
(1398, 1397),
(1400, 1399),
(1402, 579),
(1403, 583),
(1404, 1382),
(1405, 1381),
(1406, 1347),
(1407, NULL),
(1408, 683),
(1409, 683),
(1410, NULL),
(1411, NULL),
(1412, NULL),
(1413, NULL),
(1414, NULL),
(1415, NULL),
(1416, 683),
(1417, NULL),
(1418, NULL),
(1419, 51),
(1420, 51);

-- --------------------------------------------------------

--
-- Struktura tabulky `XBTRAN`
--

CREATE TABLE IF NOT EXISTS `XBTRAN` (
  `ID` bigint(20) NOT NULL AUTO_INCREMENT,
  `OWNER_ID` bigint(20) DEFAULT NULL,
  `TARGET_ID` bigint(20) DEFAULT NULL,
  `LIMIT_ID` bigint(20) DEFAULT NULL,
  `EXCEPT_ID` bigint(20) DEFAULT NULL,
  PRIMARY KEY (`ID`),
  KEY `FK_XBTRAN_LIMIT_ID` (`LIMIT_ID`),
  KEY `FK_XBTRAN_EXCEPT_ID` (`EXCEPT_ID`),
  KEY `FK_XBTRAN_TARGET_ID` (`TARGET_ID`),
  KEY `FK_XBTRAN_OWNER_ID` (`OWNER_ID`)
) ENGINE=MyISAM DEFAULT CHARSET=utf8 COLLATE=utf8_czech_ci AUTO_INCREMENT=1 ;

-- --------------------------------------------------------

--
-- Struktura tabulky `XBXBLOCKLINE`
--

CREATE TABLE IF NOT EXISTS `XBXBLOCKLINE` (
  `ID` bigint(20) NOT NULL AUTO_INCREMENT,
  `DTYPE` varchar(31) COLLATE utf8_czech_ci DEFAULT NULL,
  `PRIORITY` bigint(20) DEFAULT NULL,
  `BLOCKREV_ID` bigint(20) DEFAULT NULL,
  `LINE_ID` bigint(20) DEFAULT NULL,
  PRIMARY KEY (`ID`),
  KEY `FK_XBXBLOCKLINE_LINE_ID` (`LINE_ID`),
  KEY `FK_XBXBLOCKLINE_BLOCKREV_ID` (`BLOCKREV_ID`)
) ENGINE=MyISAM  DEFAULT CHARSET=utf8 COLLATE=utf8_czech_ci AUTO_INCREMENT=4 ;

--
-- Vypisuji data pro tabulku `XBXBLOCKLINE`
--

INSERT INTO `XBXBLOCKLINE` (`ID`, `DTYPE`, `PRIORITY`, `BLOCKREV_ID`, `LINE_ID`) VALUES
(1, 'XBXBlockLine', 0, 43, 886),
(2, 'XBXBlockLine', 0, 51, 887),
(3, 'XBXBlockLine', 0, 683, 888);

-- --------------------------------------------------------

--
-- Struktura tabulky `XBXBLOCKPANE`
--

CREATE TABLE IF NOT EXISTS `XBXBLOCKPANE` (
  `ID` bigint(20) NOT NULL AUTO_INCREMENT,
  `DTYPE` varchar(31) COLLATE utf8_czech_ci DEFAULT NULL,
  `PRIORITY` bigint(20) DEFAULT NULL,
  `BLOCKREV_ID` bigint(20) DEFAULT NULL,
  `PANE_ID` bigint(20) DEFAULT NULL,
  PRIMARY KEY (`ID`),
  KEY `FK_XBXBLOCKPANE_PANE_ID` (`PANE_ID`),
  KEY `FK_XBXBLOCKPANE_BLOCKREV_ID` (`BLOCKREV_ID`)
) ENGINE=MyISAM  DEFAULT CHARSET=utf8 COLLATE=utf8_czech_ci AUTO_INCREMENT=1020 ;

--
-- Vypisuji data pro tabulku `XBXBLOCKPANE`
--

INSERT INTO `XBXBLOCKPANE` (`ID`, `DTYPE`, `PRIORITY`, `BLOCKREV_ID`, `PANE_ID`) VALUES
(1019, 'XBEXBlockPane', 0, 732, 878);

-- --------------------------------------------------------

--
-- Struktura tabulky `XBXDESC`
--

CREATE TABLE IF NOT EXISTS `XBXDESC` (
  `ID` bigint(20) NOT NULL AUTO_INCREMENT,
  `TEXT` varchar(255) COLLATE utf8_czech_ci DEFAULT NULL,
  `ITEM_ID` bigint(20) NOT NULL,
  `LANG_ID` bigint(20) NOT NULL,
  PRIMARY KEY (`ID`),
  UNIQUE KEY `UX_XBXDESC` (`ITEM_ID`,`LANG_ID`),
  KEY `FK_XBXDESC_ITEM_ID` (`ITEM_ID`),
  KEY `FK_XBXDESC_LANG_ID` (`LANG_ID`)
) ENGINE=MyISAM  DEFAULT CHARSET=utf8 COLLATE=utf8_czech_ci AUTO_INCREMENT=997 ;

--
-- Vypisuji data pro tabulku `XBXDESC`
--

INSERT INTO `XBXDESC` (`ID`, `TEXT`, `ITEM_ID`, `LANG_ID`) VALUES
(26, NULL, 10, 1),
(995, 'Path of XBIndex values in catalog', 1335, 1),
(42, 'Nonnegative (unsigned) integer number of arbitrary magnitude', 40, 1),
(50, 'Integer number (signed) of arbitrary magnitude', 48, 1),
(58, NULL, 56, 1),
(62, 'Real number between 0 and 1', 60, 1),
(74, 'Real number of arbitrary magnitude with finite binary part', 72, 1),
(78, NULL, 76, 1),
(81, NULL, 79, 1),
(85, NULL, 83, 1),
(89, NULL, 87, 1),
(93, NULL, 91, 1),
(97, NULL, 95, 1),
(101, NULL, 99, 1),
(104, NULL, 102, 1),
(107, NULL, 105, 1),
(111, NULL, 109, 1),
(115, NULL, 113, 1),
(119, NULL, 117, 1),
(123, NULL, 121, 1),
(127, NULL, 125, 1),
(130, NULL, 128, 1),
(134, NULL, 132, 1),
(138, NULL, 136, 1),
(142, NULL, 140, 1),
(145, NULL, 143, 1),
(148, NULL, 146, 1),
(152, NULL, 150, 1),
(156, NULL, 154, 1),
(160, NULL, 158, 1),
(164, NULL, 162, 1),
(167, NULL, 165, 1),
(171, NULL, 169, 1),
(175, NULL, 173, 1),
(179, NULL, 177, 1),
(183, NULL, 181, 1),
(187, NULL, 185, 1),
(191, NULL, 189, 1),
(195, NULL, 193, 1),
(199, NULL, 197, 1),
(203, NULL, 201, 1),
(207, NULL, 205, 1),
(211, NULL, 209, 1),
(215, NULL, 213, 1),
(219, NULL, 217, 1),
(223, NULL, 221, 1),
(227, NULL, 225, 1),
(231, NULL, 229, 1),
(235, NULL, 233, 1),
(239, NULL, 237, 1),
(243, NULL, 241, 1),
(247, NULL, 245, 1),
(251, NULL, 249, 1),
(255, NULL, 253, 1),
(259, NULL, 257, 1),
(263, NULL, 261, 1),
(267, NULL, 265, 1),
(271, NULL, 269, 1),
(275, NULL, 273, 1),
(279, NULL, 277, 1),
(282, NULL, 280, 1),
(285, NULL, 283, 1),
(288, NULL, 286, 1),
(292, NULL, 290, 1),
(296, NULL, 294, 1),
(300, NULL, 298, 1),
(304, NULL, 302, 1),
(308, NULL, 306, 1),
(312, NULL, 310, 1),
(316, NULL, 314, 1),
(320, NULL, 318, 1),
(324, NULL, 322, 1),
(328, NULL, 326, 1),
(332, NULL, 330, 1),
(335, NULL, 333, 1),
(338, NULL, 336, 1),
(342, NULL, 340, 1),
(346, NULL, 344, 1),
(350, NULL, 348, 1),
(353, NULL, 351, 1),
(357, NULL, 355, 1),
(361, NULL, 359, 1),
(365, NULL, 363, 1),
(368, NULL, 366, 1),
(372, NULL, 370, 1),
(376, NULL, 374, 1),
(380, NULL, 378, 1),
(384, NULL, 382, 1),
(388, NULL, 386, 1),
(391, NULL, 389, 1),
(395, NULL, 393, 1),
(399, NULL, 397, 1),
(403, NULL, 401, 1),
(407, NULL, 405, 1),
(411, NULL, 409, 1),
(415, NULL, 413, 1),
(419, NULL, 417, 1),
(423, NULL, 421, 1),
(426, NULL, 424, 1),
(430, NULL, 428, 1),
(434, NULL, 432, 1),
(438, NULL, 436, 1),
(442, NULL, 440, 1),
(446, NULL, 444, 1),
(450, NULL, 448, 1),
(454, NULL, 452, 1),
(458, NULL, 456, 1),
(461, NULL, 459, 1),
(464, NULL, 462, 1),
(468, NULL, 466, 1),
(472, NULL, 470, 1),
(476, NULL, 474, 1),
(480, NULL, 478, 1),
(483, NULL, 481, 1),
(487, NULL, 485, 1),
(491, NULL, 489, 1),
(495, NULL, 493, 1),
(498, NULL, 496, 1),
(502, NULL, 500, 1),
(506, NULL, 504, 1),
(510, NULL, 508, 1),
(514, NULL, 512, 1),
(518, NULL, 516, 1),
(522, NULL, 520, 1),
(530, NULL, 528, 1),
(990, 'Count of allocated groups', 1327, 1),
(595, NULL, 593, 1),
(598, NULL, 596, 1),
(601, 'Types used for numerical representation', 599, 1),
(604, NULL, 602, 1),
(607, 'Specify count of used bits', 605, 1),
(611, NULL, 609, 1),
(614, 'Natural number represented as bitstream', 612, 1),
(618, 'Integer number represented as bitstream', 616, 1),
(622, NULL, 620, 1),
(626, NULL, 624, 1),
(630, NULL, 628, 1),
(634, NULL, 632, 1),
(638, NULL, 636, 1),
(642, NULL, 640, 1),
(645, NULL, 643, 1),
(648, NULL, 646, 1),
(651, NULL, 649, 1),
(654, NULL, 652, 1),
(657, NULL, 655, 1),
(660, NULL, 658, 1),
(663, NULL, 661, 1),
(667, NULL, 665, 1),
(671, NULL, 669, 1),
(674, NULL, 672, 1),
(678, NULL, 676, 1),
(694, NULL, 692, 1),
(698, NULL, 696, 1),
(702, NULL, 700, 1),
(706, NULL, 704, 1),
(709, NULL, 707, 1),
(713, NULL, 711, 1),
(720, NULL, 718, 1),
(723, NULL, 721, 1),
(727, NULL, 725, 1),
(731, NULL, 729, 1),
(735, NULL, 733, 1),
(741, NULL, 739, 1),
(745, NULL, 743, 1),
(749, NULL, 747, 1),
(753, NULL, 751, 1),
(757, NULL, 755, 1),
(761, NULL, 759, 1),
(765, NULL, 763, 1),
(769, NULL, 767, 1),
(773, NULL, 771, 1),
(777, NULL, 775, 1),
(781, NULL, 779, 1),
(784, NULL, 782, 1),
(791, NULL, 789, 1),
(795, NULL, 793, 1),
(799, NULL, 797, 1),
(803, 'Simple XML document tree', 801, 1),
(807, NULL, 805, 1),
(811, NULL, 809, 1),
(815, NULL, 813, 1),
(819, NULL, 817, 1),
(823, NULL, 821, 1),
(827, NULL, 825, 1),
(831, NULL, 829, 1),
(840, NULL, 838, 1),
(844, NULL, 842, 1),
(848, NULL, 846, 1),
(858, NULL, 856, 1),
(861, NULL, 859, 1),
(865, NULL, 863, 1),
(869, NULL, 867, 1),
(872, NULL, 870, 1),
(877, 'Numerical Types', 1053, 1),
(890, NULL, 1246, 1),
(891, NULL, 1247, 1),
(892, NULL, 1248, 1),
(894, NULL, 1250, 1),
(895, NULL, 1251, 1),
(897, NULL, 1253, 1),
(898, NULL, 1254, 1),
(900, NULL, 1256, 1),
(902, NULL, 1258, 1),
(904, NULL, 1260, 1),
(906, NULL, 1262, 1),
(908, NULL, 1264, 1),
(910, NULL, 1266, 1),
(912, NULL, 1268, 1),
(914, NULL, 1270, 1),
(916, NULL, 1272, 1),
(918, NULL, 1274, 1),
(920, NULL, 1276, 1),
(922, NULL, 1278, 1),
(924, NULL, 1280, 1),
(926, NULL, 1282, 1),
(928, NULL, 1284, 1),
(929, NULL, 1285, 1),
(931, NULL, 1287, 1),
(932, NULL, 1288, 1),
(934, NULL, 1290, 1),
(935, NULL, 1291, 1),
(937, NULL, 1293, 1),
(938, NULL, 1294, 1),
(940, NULL, 1296, 1),
(941, NULL, 1297, 1),
(948, 'Test4', 19, 1),
(949, 'TEST', 1306, 1),
(991, 'The number of groups to keep from previous declarations', 1328, 1),
(992, 'Declaration of format', 1329, 1),
(993, 'Root node of document', 1330, 1),
(994, 'Root node of document', 1331, 1),
(996, 'XB Index of the specification', 1339, 1);

-- --------------------------------------------------------

--
-- Struktura tabulky `XBXFILE`
--

CREATE TABLE IF NOT EXISTS `XBXFILE` (
  `ID` bigint(20) NOT NULL AUTO_INCREMENT,
  `FILENAME` varchar(255) COLLATE utf8_czech_ci DEFAULT NULL,
  `NODE_ID` bigint(20) DEFAULT NULL,
  `CONTENT` longblob,
  PRIMARY KEY (`ID`),
  KEY `FK_XBXFILE_NODE_ID` (`NODE_ID`)
) ENGINE=MyISAM  DEFAULT CHARSET=utf8 COLLATE=utf8_czech_ci AUTO_INCREMENT=821 ;

--
-- Vypisuji data pro tabulku `XBXFILE`
--

INSERT INTO `XBXFILE` (`ID`, `FILENAME`, `NODE_ID`, `CONTENT`) VALUES
(28, 'hdoc_Koren-cs.html', 10, 0x3c703e557a656c203c7374726f6e673e584255503c2f7374726f6e673e20736c6f75c5bec3ad2070726f20646566696e6963692073616479207ac3a16b6c61646ec3ad636820666f726dc3a174c5af20767974766fc599656ec3bd6368206a616b6f20736f75c48dc3a173742070726f746f6b6f6c75206e6170c599c3adc48d207370656b7472656d206461746f76c3bd636820666f726dc3a174c5af2e20557a656c206a652073707261766f76c3a16e2076c3bd766f6ac3a1c599692070726f746f6b6f6c752061206275646f752076207072766ec3ad63682066c3a17ac3ad6368207572c48d656e792070c59965646576c5a1c3ad6d2070726f20746573746f76c3a16ec3ad207072696e636970c5af2070726f746f6b6f6c752e3c2f703e0d0a0d0a0d0a3c68333e4b6c61736966696b61636520666f726dc3a174c5af3c2f68333e0d0a3c703e4a65646e6f746c6976c3a920666f726dc3a17479206a65206d6fc5be6ec3a9206b6c61736966696b6f76617420706f646c6520726f7a6c69c48d6ec3bd6368206b726974c3a97269c3ad2e3c2f703e0d0a0d0a0d0a3c68333e4b6c61736966696b61636520706f646c652076c49b646ec3ad686f206f626f72753c2f68333e0d0a3c703e5461746f206b6c61736966696b61636520736520736e61c5bec3ad206f6273c3a1686e6f7574206a65646e6f746c6976c3a9206f626f72792076c49b646ec3ad686f20706f7a6ec3a16ec3ad206c6964737476612e3c2f703e0d0a3c756c3e3c6c693e3c6120687265663d226d6174682f696e6465782e68746d6c223e4d6174656d617469636bc3a93c2f613e3c2f6c693e0d0a3c6c693e3c6120687265663d227068797369632f696e6465782e68746d6c223e46797a696bc3a16c6ec3ad3c2f613e3c2f6c693e0d0a3c6c693e3c6120687265663d226368656d2f696e6465782e68746d6c223e4368656d69636bc3a93c2f613e3c2f6c693e0d0a3c6c693e3c6120687265663d2262696f2f696e6465782e68746d6c223e42696f6c6f6769636bc3a93c2f613e3c2f6c693e0d0a3c6c693e3c6120687265663d2270726f672f696e6465782e68746d6c223e496e666f726d61c48d6ec3ad20746563686e6f6c6f6769653c2f613e3c2f6c693e0d0a3c6c693e3c6120687265663d22736f63696574792f696e6465782e68746d6c223e53706f6c65c48d656e736bc3a92076c49b64792028736f63696f6c6f6769652c2066696c6f7a6f6669652c2070737963686f6c6f6769652c206a617a796b6f76c3a92076c49b6479293c2f613e3c2f6c693e0d0a3c2f756c3e200d0a0d0a0d0a3c68333e4b6c61736966696b61636520646c6520647275687520766a656d753c2f68333e0d0a3c703e54656e746f2064727568206b6c61736966696b61636520726f7a6c69c5a1756a6520666f726dc3a1747920706f646c6520746f686f2c206a616bc3bd6d2064727568656d207265636570746f7275206a736f752064616ec3a1206461746120766ec3ad6dc3a16e612070c599c3ad6a656d63656d2e2056c49b74c5a1696e612074c49b6368746f20666f726dc3a174c5af206a652074c49b736ec49b2073706a6174612073266e6273703b6c6964736b6f752066797a696f6c6f6769c3ad2e3c2f703e0d0a3c756c3e3c6c693e5a72616b6f76c3a920283c6120687265663d2276697375616c2f696e6465782e68746d6c223e76697a75c3a16c6ec3ad3c2f613e293c2f6c693e0d0a3c6c693e536c7563686f76c3a920283c6120687265663d22617564696f2f696e6465782e68746d6c223e7a76756b6f76c3a93c2f613e293c2f6c693e0d0a3c6c693e486d61746f76c3a92f746c616b6f76c3a920286861707469636bc3a9293c2f6c693e0d0a3c6c693ec48c6963686f76c3a93c2f6c693e0d0a3c6c693e436875c5a56f76c3a93c2f6c693e3c2f756c3e0d0a3c703e4d657a69206f737461746ec3ad206c7a65207a61c59961646974206e6170c5992e207465706c6f2c20656c656b74c599696e612c20626f6c6573742c206d6f7a6b6f76c3a120616b7469766974612c20c3ba7374726f6ac3ad20726f7a706f7a6ec3a16ec3ad20706f6879627520612067726176697461636520612064616cc5a1c3ad2074c49b6c65736ec3a920766a656d792028c5bec3ad7a65c5882c20686c61642c202e2e2e292e3c2f703e0d0a0d0a0d0a3c68333e506f646c652073706f6c65c48d656e736bc3a9206f626c617374693c2f68333e0d0a3c703e466f726dc3a17479206a652074616b74c3a9c5be206d6fc5be6ec3a9206b617465676f72697a6f76617420706f646c65206f626c617374c3ad206c6964736bc3bd636820c48d696e6e6f7374c3ad3a3c2f703e0d0a3c756c3e3c6c693e4f6263686f6420612066696e616e63653c2f6c693e0d0a3c6c693e56c3bd726f62613c2f6c693e0d0a3c6c693e54c49bc5be626120612070726f64756b6365207375726f76696e3c2f6c693e0d0a3c6c693e536c75c5be62793c2f6c693e0d0a3c6c693e446f70726176613c2f6c693e0d0a3c6c693e56c49b646120612076c3bd7a6b756d3c2f6c693e0d0a3c6c693e5a647261766f746e69637476c3ad3c2f6c693e0d0a3c6c693e536f6369c3a16c6ec3ad20736c75c5be62793c2f6c693e0d0a3c6c693e5374c3a1746ec3ad20737072c3a176613c2f6c693e0d0a3c6c693e566f6a656e737476c3ad3c2f6c693e3c2f756c3e0d0a3c703e412064616cc5a1c3ad2e2e2e2056697a2e20c48dc3ad73656c6ec3ad6b204b5a414d2061706f642e3c2f703e0d0a0d0a0d0a3c68333e4b6f6d62696e6f76616ec3a9206461746f76c3a920666f726dc3a174793c2f68333e0d0a3c703e4d6e6f686f2072657072657a656e746163c3ad206461742070c59965736168756a652076c3ad636520706f6c6fc5be656b2076c3bdc5a1652075766564656ec3bd6368206b617465676f72697a6163c3ad2c206e6170c5992e3a3c2f703e0d0a3c756c3e3c6c693e3c6120687265663d22746578742f696e6465782e68746d6c223e546578743c2f613e202876c3bd7a6e616d2c206772616669636bc3bd20767a686c65642c2076c3bd736c6f766e6f7374293c2f6c693e0d0a3c6c693e3c6120687265663d226d6f64656c2f696e6465782e68746d6c223e4d6f64656c3c2f613e202866797a696bc3a16c6ec3ad2076c3bd7a6e616d2c206772616669636bc3bd20767a686c6564293c2f6c693e3c2f756c3e),
(589, 'hdoc_XBUP Project-en.html', 584, 0x3c703e557a656c203c7374726f6e673e584255503c2f7374726f6e673e20736c6f75c5bec3ad2070726f20646566696e6963692073616479207ac3a16b6c61646ec3ad636820666f726dc3a174c5af20767974766fc599656ec3bd6368206a616b6f20736f75c48dc3a173742070726f746f6b6f6c75206e6170c599c3adc48d207370656b7472656d206461746f76c3bd636820666f726dc3a174c5af2e20557a656c206a652073707261766f76c3a16e2076c3bd766f6ac3a1c599692070726f746f6b6f6c752061206275646f752076207072766ec3ad63682066c3a17ac3ad6368207572c48d656e792070c59965646576c5a1c3ad6d2070726f20746573746f76c3a16ec3ad207072696e636970c5af2070726f746f6b6f6c752e3c2f703e0d0a0d0a0d0a3c68333e4b6c61736966696b61636520666f726dc3a174c5af3c2f68333e0d0a3c703e4a65646e6f746c6976c3a920666f726dc3a17479206a65206d6fc5be6ec3a9206b6c61736966696b6f76617420706f646c6520726f7a6c69c48d6ec3bd6368206b726974c3a97269c3ad2e3c2f703e0d0a0d0a0d0a3c68333e4b6c61736966696b61636520706f646c652076c49b646ec3ad686f206f626f72753c2f68333e0d0a3c703e5461746f206b6c61736966696b61636520736520736e61c5bec3ad206f6273c3a1686e6f7574206a65646e6f746c6976c3a9206f626f72792076c49b646ec3ad686f20706f7a6ec3a16ec3ad206c6964737476612e3c2f703e0d0a3c756c3e3c6c693e3c6120687265663d226d6174682f696e6465782e68746d6c223e4d6174656d617469636bc3a93c2f613e3c2f6c693e0d0a3c6c693e3c6120687265663d227068797369632f696e6465782e68746d6c223e46797a696bc3a16c6ec3ad3c2f613e3c2f6c693e0d0a3c6c693e3c6120687265663d226368656d2f696e6465782e68746d6c223e4368656d69636bc3a93c2f613e3c2f6c693e0d0a3c6c693e3c6120687265663d2262696f2f696e6465782e68746d6c223e42696f6c6f6769636bc3a93c2f613e3c2f6c693e0d0a3c6c693e3c6120687265663d2270726f672f696e6465782e68746d6c223e496e666f726d61c48d6ec3ad20746563686e6f6c6f6769653c2f613e3c2f6c693e0d0a3c6c693e3c6120687265663d22736f63696574792f696e6465782e68746d6c223e53706f6c65c48d656e736bc3a92076c49b64792028736f63696f6c6f6769652c2066696c6f7a6f6669652c2070737963686f6c6f6769652c206a617a796b6f76c3a92076c49b6479293c2f613e3c2f6c693e0d0a3c2f756c3e200d0a0d0a0d0a3c68333e4b6c61736966696b61636520646c6520647275687520766a656d753c2f68333e0d0a3c703e54656e746f2064727568206b6c61736966696b61636520726f7a6c69c5a1756a6520666f726dc3a1747920706f646c6520746f686f2c206a616bc3bd6d2064727568656d207265636570746f7275206a736f752064616ec3a1206461746120766ec3ad6dc3a16e612070c599c3ad6a656d63656d2e2056c49b74c5a1696e612074c49b6368746f20666f726dc3a174c5af206a652074c49b736ec49b2073706a6174612073266e6273703b6c6964736b6f752066797a696f6c6f6769c3ad2e3c2f703e0d0a3c756c3e3c6c693e5a72616b6f76c3a920283c6120687265663d2276697375616c2f696e6465782e68746d6c223e76697a75c3a16c6ec3ad3c2f613e293c2f6c693e0d0a3c6c693e536c7563686f76c3a920283c6120687265663d22617564696f2f696e6465782e68746d6c223e7a76756b6f76c3a93c2f613e293c2f6c693e0d0a3c6c693e486d61746f76c3a92f746c616b6f76c3a920286861707469636bc3a9293c2f6c693e0d0a3c6c693ec48c6963686f76c3a93c2f6c693e0d0a3c6c693e436875c5a56f76c3a93c2f6c693e3c2f756c3e0d0a3c703e4d657a69206f737461746ec3ad206c7a65207a61c59961646974206e6170c5992e207465706c6f2c20656c656b74c599696e612c20626f6c6573742c206d6f7a6b6f76c3a120616b7469766974612c20c3ba7374726f6ac3ad20726f7a706f7a6ec3a16ec3ad20706f6879627520612067726176697461636520612064616cc5a1c3ad2074c49b6c65736ec3a920766a656d792028c5bec3ad7a65c5882c20686c61642c202e2e2e292e3c2f703e0d0a0d0a0d0a3c68333e506f646c652073706f6c65c48d656e736bc3a9206f626c617374693c2f68333e0d0a3c703e466f726dc3a17479206a652074616b74c3a9c5be206d6fc5be6ec3a9206b617465676f72697a6f76617420706f646c65206f626c617374c3ad206c6964736bc3bd636820c48d696e6e6f7374c3ad3a3c2f703e0d0a3c756c3e3c6c693e4f6263686f6420612066696e616e63653c2f6c693e0d0a3c6c693e56c3bd726f62613c2f6c693e0d0a3c6c693e54c49bc5be626120612070726f64756b6365207375726f76696e3c2f6c693e0d0a3c6c693e536c75c5be62793c2f6c693e0d0a3c6c693e446f70726176613c2f6c693e0d0a3c6c693e56c49b646120612076c3bd7a6b756d3c2f6c693e0d0a3c6c693e5a647261766f746e69637476c3ad3c2f6c693e0d0a3c6c693e536f6369c3a16c6ec3ad20736c75c5be62793c2f6c693e0d0a3c6c693e5374c3a1746ec3ad20737072c3a176613c2f6c693e0d0a3c6c693e566f6a656e737476c3ad3c2f6c693e3c2f756c3e0d0a3c703e412064616cc5a1c3ad2e2e2e2056697a2e20c48dc3ad73656c6ec3ad6b204b5a414d2061706f642e3c2f703e0d0a0d0a0d0a3c68333e4b6f6d62696e6f76616ec3a9206461746f76c3a920666f726dc3a174793c2f68333e0d0a3c703e4d6e6f686f2072657072657a656e746163c3ad206461742070c59965736168756a652076c3ad636520706f6c6fc5be656b2076c3bdc5a1652075766564656ec3bd6368206b617465676f72697a6163c3ad2c206e6170c5992e3a3c2f703e0d0a3c756c3e3c6c693e3c6120687265663d22746578742f696e6465782e68746d6c223e546578743c2f613e202876c3bd7a6e616d2c206772616669636bc3bd20767a686c65642c2076c3bd736c6f766e6f7374293c2f6c693e0d0a3c6c693e3c6120687265663d226d6f64656c2f696e6465782e68746d6c223e4d6f64656c3c2f613e202866797a696bc3a16c6ec3ad2076c3bd7a6e616d2c206772616669636bc3bd20767a686c6564293c2f6c693e3c2f756c3e),
(591, 'hdoc_Projekt XBUP-cs.html', 584, 0x3c703e557a656c203c7374726f6e673e584255503c2f7374726f6e673e20736c6f75c5bec3ad2070726f20646566696e6963692073616479207ac3a16b6c61646ec3ad636820666f726dc3a174c5af20767974766fc599656ec3bd6368206a616b6f20736f75c48dc3a173742070726f746f6b6f6c75206e6170c599c3adc48d207370656b7472656d206461746f76c3bd636820666f726dc3a174c5af2e20557a656c206a652073707261766f76c3a16e2076c3bd766f6ac3a1c599692070726f746f6b6f6c752061206275646f752076207072766ec3ad63682066c3a17ac3ad6368207572c48d656e792070c59965646576c5a1c3ad6d2070726f20746573746f76c3a16ec3ad207072696e636970c5af2070726f746f6b6f6c752e3c2f703e0d0a0d0a0d0a3c68333e4b6c61736966696b61636520666f726dc3a174c5af3c2f68333e0d0a3c703e4a65646e6f746c6976c3a920666f726dc3a17479206a65206d6fc5be6ec3a9206b6c61736966696b6f76617420706f646c6520726f7a6c69c48d6ec3bd6368206b726974c3a97269c3ad2e3c2f703e0d0a0d0a0d0a3c68333e4b6c61736966696b61636520706f646c652076c49b646ec3ad686f206f626f72753c2f68333e0d0a3c703e5461746f206b6c61736966696b61636520736520736e61c5bec3ad206f6273c3a1686e6f7574206a65646e6f746c6976c3a9206f626f72792076c49b646ec3ad686f20706f7a6ec3a16ec3ad206c6964737476612e3c2f703e0d0a3c756c3e3c6c693e3c6120687265663d226d6174682f696e6465782e68746d6c223e4d6174656d617469636bc3a93c2f613e3c2f6c693e0d0a3c6c693e3c6120687265663d227068797369632f696e6465782e68746d6c223e46797a696bc3a16c6ec3ad3c2f613e3c2f6c693e0d0a3c6c693e3c6120687265663d226368656d2f696e6465782e68746d6c223e4368656d69636bc3a93c2f613e3c2f6c693e0d0a3c6c693e3c6120687265663d2262696f2f696e6465782e68746d6c223e42696f6c6f6769636bc3a93c2f613e3c2f6c693e0d0a3c6c693e3c6120687265663d2270726f672f696e6465782e68746d6c223e496e666f726d61c48d6ec3ad20746563686e6f6c6f6769653c2f613e3c2f6c693e0d0a3c6c693e3c6120687265663d22736f63696574792f696e6465782e68746d6c223e53706f6c65c48d656e736bc3a92076c49b64792028736f63696f6c6f6769652c2066696c6f7a6f6669652c2070737963686f6c6f6769652c206a617a796b6f76c3a92076c49b6479293c2f613e3c2f6c693e0d0a3c2f756c3e200d0a0d0a0d0a3c68333e4b6c61736966696b61636520646c6520647275687520766a656d753c2f68333e0d0a3c703e54656e746f2064727568206b6c61736966696b61636520726f7a6c69c5a1756a6520666f726dc3a1747920706f646c6520746f686f2c206a616bc3bd6d2064727568656d207265636570746f7275206a736f752064616ec3a1206461746120766ec3ad6dc3a16e612070c599c3ad6a656d63656d2e2056c49b74c5a1696e612074c49b6368746f20666f726dc3a174c5af206a652074c49b736ec49b2073706a6174612073266e6273703b6c6964736b6f752066797a696f6c6f6769c3ad2e3c2f703e0d0a3c756c3e3c6c693e5a72616b6f76c3a920283c6120687265663d2276697375616c2f696e6465782e68746d6c223e76697a75c3a16c6ec3ad3c2f613e293c2f6c693e0d0a3c6c693e536c7563686f76c3a920283c6120687265663d22617564696f2f696e6465782e68746d6c223e7a76756b6f76c3a93c2f613e293c2f6c693e0d0a3c6c693e486d61746f76c3a92f746c616b6f76c3a920286861707469636bc3a9293c2f6c693e0d0a3c6c693ec48c6963686f76c3a93c2f6c693e0d0a3c6c693e436875c5a56f76c3a93c2f6c693e3c2f756c3e0d0a3c703e4d657a69206f737461746ec3ad206c7a65207a61c59961646974206e6170c5992e207465706c6f2c20656c656b74c599696e612c20626f6c6573742c206d6f7a6b6f76c3a120616b7469766974612c20c3ba7374726f6ac3ad20726f7a706f7a6ec3a16ec3ad20706f6879627520612067726176697461636520612064616cc5a1c3ad2074c49b6c65736ec3a920766a656d792028c5bec3ad7a65c5882c20686c61642c202e2e2e292e3c2f703e0d0a0d0a0d0a3c68333e506f646c652073706f6c65c48d656e736bc3a9206f626c617374693c2f68333e0d0a3c703e466f726dc3a17479206a652074616b74c3a9c5be206d6fc5be6ec3a9206b617465676f72697a6f76617420706f646c65206f626c617374c3ad206c6964736bc3bd636820c48d696e6e6f7374c3ad3a3c2f703e0d0a3c756c3e3c6c693e4f6263686f6420612066696e616e63653c2f6c693e0d0a3c6c693e56c3bd726f62613c2f6c693e0d0a3c6c693e54c49bc5be626120612070726f64756b6365207375726f76696e3c2f6c693e0d0a3c6c693e536c75c5be62793c2f6c693e0d0a3c6c693e446f70726176613c2f6c693e0d0a3c6c693e56c49b646120612076c3bd7a6b756d3c2f6c693e0d0a3c6c693e5a647261766f746e69637476c3ad3c2f6c693e0d0a3c6c693e536f6369c3a16c6ec3ad20736c75c5be62793c2f6c693e0d0a3c6c693e5374c3a1746ec3ad20737072c3a176613c2f6c693e0d0a3c6c693e566f6a656e737476c3ad3c2f6c693e3c2f756c3e0d0a3c703e412064616cc5a1c3ad2e2e2e2056697a2e20c48dc3ad73656c6ec3ad6b204b5a414d2061706f642e3c2f703e0d0a0d0a0d0a3c68333e4b6f6d62696e6f76616ec3a9206461746f76c3a920666f726dc3a174793c2f68333e0d0a3c703e4d6e6f686f2072657072657a656e746163c3ad206461742070c59965736168756a652076c3ad636520706f6c6fc5be656b2076c3bdc5a1652075766564656ec3bd6368206b617465676f72697a6163c3ad2c206e6170c5992e3a3c2f703e0d0a3c756c3e3c6c693e3c6120687265663d22746578742f696e6465782e68746d6c223e546578743c2f613e202876c3bd7a6e616d2c206772616669636bc3bd20767a686c65642c2076c3bd736c6f766e6f7374293c2f6c693e0d0a3c6c693e3c6120687265663d226d6f64656c2f696e6465782e68746d6c223e4d6f64656c3c2f613e202866797a696bc3a16c6ec3ad2076c3bd7a6e616d2c206772616669636bc3bd20767a686c6564293c2f6c693e3c2f756c3e),
(588, 'xbup_logo2.png', 584, 0x89504e470d0a1a0a0000000d4948445200000020000000200806000000737a7af40000000473424954080808087c086488000000bb494441545885ed57d10e802008d4d67f835f6e4f5aa134205bb8baa7a2e9c101db15c2d7118de7f2a8fbae0e70245674b9a2850811eb3300ec9745bda0ab84448a9cf95ab8e46a0216420d687225a1e55156019a1620e0f93d61f73b8dc774ddff0cfdf6f853601468c545211af7a740e96d330b4cefefc29f020554096de5742be6db025ab9568989b7804c7f8ddf9c090efe14188569b6a03a22ab1f383a2215b1173fc07a42a9225205384bf6ba297561cb2d18f663f2e3c70648604db62d4536cc0000000049454e44ae426082),
(590, 'hdoc_XML Test-en.html', 584, 0x5465737432),
(715, 'hdoc-SimplePicture-en.html', 711, 0x3c68333e4f627361683c2f68333e0a3c703e0a312e203c6120687265663d2223636831223e506f7069733c2f613e3c62722f3e0a322e203c6120687265663d2223636832223e4269746d6170613c2f613e3c62722f3e0a266e6273703b266e6273703b322e312e203c6120687265663d22236368322d31223e506978656c6f76c3a120706c6f6368613c2f613e3c62722f3e0a266e6273703b266e6273703b322e322e203c6120687265663d22236368322d32223e526f76696e61206f6472617a75206120706f686c63656ec3ad3c2f613e3c62722f3e0a266e6273703b266e6273703b322e332e203c6120687265663d22236368322d33223e426f646f76c3bd20706f6dc49b723c2f613e3c62722f3e0a266e6273703b266e6273703b322e342e203c6120687265663d22236368322d34223e4672656b76656ec48d6ec3ad206d6170613c2f613e3c62722f3e0a266e6273703b266e6273703b322e352e203c6120687265663d22236368322d35223e50616c6574613c2f613e3c62722f3e0a266e6273703b266e6273703b322e362e203c6120687265663d22236368322d36223e506f6c6520766c6173746e6f7374c3ad20706978656cc5af3c2f613e3c62722f3e0a266e6273703b266e6273703b266e6273703b266e6273703b322e362e312e203c6120687265663d22236368322d362d31223e506f6c652052474220686f646e6f743c2f613e3c62722f3e0a332e203c6120687265663d2223636833223e5a6168726e7574c3ad206578697374756ac3ad63c3ad636820666f726dc3a174c5af3c2f613e3c62722f3e0a266e6273703b266e6273703b332e312e203c6120687265663d22236368332d31223e466f726dc3a17420504e473c2f613e3c62722f3e0a266e6273703b266e6273703b332e322e203c6120687265663d22236368332d32223e466f726dc3a17420544946463c2f613e3c62722f3e0a3c2f703e0a0a0a3c68333e3c61206e616d653d22636831222f3e312e20506f7069733c2f68333e0a3c703e4f6272c3a17a6f76c3a1206461746120766520666f726dc49b206269746d61706f76c3a9686f206f6272c3a17a6b7520706174c599c3ad206d657a69206461746120756b6cc3a164616ec3a1207472616469c48d6ec49b20706f6d6f63c3ad2062696ec3a1726ec3ad636820666f726dc3a174c5af2e204269746d617061206a65206f6276796b6c652064766f75726f7a6dc49b726ec3a920706f6c6520706978656cc5af2c206b746572c3a9207572c48d756ac3ad20686f646e6f74752062617265762070726f206a65646e6f746c6976c3a920c48d74766572636f76c3a920c48d69206f6264656c6ec3ad6b6f76c3a920706c6f6368792e3c2f703e0a3c703e506f6b756420736520706f64c3ad76c3a16d652076c3ad636520646f20686c6f75626b792c2070c599656473746176756a6520686f646e6f746120626172767920696e74656e7a697475207376c49b74656c6ec3bd63682070617072736bc5af2076266e6273703b6e6f726d6f7520646566696e6f76616ec3bd636820c48dc3a17374656368207370656b74726120656c656b74726f6d61676e657469636bc3a9686f207ac3a1c599656ec3ad2c2076266e6273703b70c599c3ad706164c49b2062c49bc5be6ec3bd6368206f6272c3a17a6bc5af20766ec3ad6d6174656c6ec3bd6368206275c5886b616d692073c3ad746e696365206c6964736bc3a9686f206f6b612e204dc5afc5be652073652074616bc3a9206a65646e6174206f266e6273703b6269746d617075207572c48d756ac3ad63c3ad206a696ec3a920c48dc3a173746920656c656b74726f6d61676e657469636bc3a9686f207370656b74726120c48d69206a696ec3a92066797a696bc3a16c6ec3ad2069206e6566797a696bc3a16c6ec3ad2076656c69c48d696e792e2050c599c3ad6b6c6164656d206dc5afc5be652062c3bd742072657467656e6f76c3bd20c48d6920696e667261c48d657276656ec3bd20736ec3ad6d656b2c207370656b7472c3a16c6ec3ad20726f7a6b6c61642c20687573746f7461206f6279766174656c206e6120c48d7476657265c48d6ec3ad206d657472206120706f646f626ec49b2e3c2f703e0a3c703e50726f207072766ec3ad2076617269616e7475206275646520646566696e6f76c3a16e206b6c617369636bc3bd206269746d61706f76c3bd206f6272c3a17a656b2073266e6273703b5247422070616c65746f752c206b746572c3bd206275646520706f7a64c49b6a6920726f7ac5a1c3adc599656e206f266e6273703b76796ac3a164c599656ec3ad2066797a696bc3a16c6ec3ad686f2076c3bd7a6e616d7520706f6d6f63c3ad207472616e73666f726d6163c3ad20612073c3a96d616e7469636bc3bd636820696e666f726d6163c3ad206120726f7ac5a1c3adc599656e206f266e6273703b6d6fc5be6e6f7374206f6265636ec49b6ac5a1c3ad686f20706f75c5be6974c3ad2e3c2f703e0a0a0a3c68333e3c61206e616d653d226368312d31222f3e312e312e204269746d61706f76c3bd206f6272c3a17a656b3c2f68333e0a3c703e5ac3a16b6c6164656d206269746d61706f76c3a9686f206f6272c3a17a6b75206a65206269746d6170612e205461206a6520646566696e6f76c3a16e61206a616b6f206b6f6e65c48d6ec3a12064766f6a726f7a6dc49b726ec3a1206d617469636520706978656cc5af2e20506978656c206a65207ac3a16b6c61646ec3ad206a65646e6f746b61206f6272617a6f76c3a920696e666f726d6163652c206b746572c3a12076796a6164c599756a6520696e74656e7a6974752064616ec3a9686f2070617072736b752070726f6368c3a17a656ac3ad63c3ad686f2f6f647261c5be656ec3a9686f20706c6f63686f7520706978656c752e2050726f207572c48d656ec3ad20766c6173746e6f7374c3ad20656c656b74726f6d61676e657469636bc3a9686f207ac3a1c599656ec3ad207665207669646974656c6ec3a96d207370656b74727520736520706f75c5bec3ad76c3a1206ec49b6b6f6c696b2064727568c5af3c2f703e0a3c756c3e3c6c693e52474228412920286164697469766ec3ad206dc3ad6368c3a16ec3ad293c2f6c693e0a3c6c693e434d59284b292028737562737472616b7469766ec3ad206dc3ad6368c3a16ec3ad293c2f6c693e0a3c6c693e59555620286a6173202b2062617265766e6f7374293c2f6c693e0a3c6c693e485356202862617265766e6f7374202b207379746f73742b206a6173293c2f6c693e3c2f756c3e0a0a0a3c68333e3c61206e616d653d226368312d78222f3e312e782e2050c5996964656c656ec3bd20696e646578206b6174616c6f67753c2f68333e0a3c703e4a65646e6f746c6976c3bd6d20666f726dc3a174c5af6d206a736f752070c5996964c49b6c6f76c3a16e792061647265737920756dc3ad7374c49b6ec3ad2076266e6273703b6b6174616c6f67752e3c2f703e0a3c756c3e0a3c6c693e575231343a20584255505f50726f6a6563742f56697375616c2f506963747572653c2f6c693e0a3c2f756c3e0a0a0a3c68333e3c61206e616d653d22636832222f3e322e204269746d6170613c2f68333e0a3c703e4269746d617061206a6520626c6f6b2c206b746572c3bd20737065636966696b756a652c20c5be65206a65686f20646174612070c599656473746176756ac3ad206269746d61706f76c3bd206f6272c3a17a656b2e2054656e2070616b206f62736168756a6520646174612c206b746572c3a920646566696e756ac3ad2062617276792e3c2f703e0a4f6272c3a17a656b3c62722f3e0a3c756c3e3c6c693e506978656c6f76c3a120706c6f6368613c62722f3e0a3c756c3e3c6c693e4461746f76c3a920706f6c653c2f6c693e0a3c2f756c3e3c2f6c693e3c2f756c3e0a0a0a3c68333e3c61206e616d653d226368322d31222f3e322e312e20506978656c6f76c3a120706c6f6368613c2f68333e0a3c703e506978656c6f76c3a120706c6f636861206a6520726f76696e6ec3a920706cc3a1746e6f20726f64c49b6c656ec3a9206e61206f6264656c6ec3ad6b6f76c3a920706978656c792e205ac3a16b6c61646ec3ad20696e666f726d6163c3ad206a6520726f7a6dc49b7220706cc3a1746e612075766564656ec3bd206a616b6f20706fc48d657420706978656cc5af2076266e6273703b736f75c59961646e6963c3ad63682e204e612074c3a9746f20706c6fc5a1652073652070616b206dc5afc5be65206e616368c3a17a6574206ec49b6a616bc3bd207669646974656c6ec3bd206f626a656b742e3c2f703e0a3c703e426c6f6b205247424269746d61702f506978656c506c616e653c2f703e0a3c703e0a5542454e61747572616c202d205853697a65202d20726f7a6dc49b7220706c6f63687920583c62722f3e0a5542454e61747572616c202d205953697a65202d20726f7a6dc49b7220706c6f63687920593c62722f3e0a5542506f696e746572202d204f626a6563744c696e6b3c62722f3e0a5542506f696e746572202d20506978656c526174696f6e3c62722f3e0a2e2e3c2f703e0a0a0a3c68333e3c61206e616d653d226368322d32222f3e322e322e204269746d6170613c2f68333e0a3c703e4a65646e6f75207a266e6273703b6d6fc5be6ec3bd636820706f6c6fc5be656b206a65206269746d6170613c2f703e0a3c703e426c6f6b205247424269746d61702f4974656d4269746d61703c2f703e0a3c703e55424e756d626572202d2042697473506572506978656c3c62722f3e0a5542506f696e746572202d20506978656c436f6c6f724d61703c62722f3e0a55424e61747572616c202d2057696474683c62722f3e0a55424e61747572616c202d204865696768743c62722f3e0a5542496e6765746572202d20506f736974696f6e583c62722f3e0a5542496e7465676572202d20506f736974696f6e593c62722f3e0a5542506f696e746572202d204f7269656e746174696f6e3c62722f3e0a3c2f703e0a0a0a3c68333e3c61206e616d653d226368322d33222f3e322e332e20426f646f76c3bd20706f6dc49b723c2f68333e0a3c703e426f646f76c3bd20706f6dc49b72207572c48d756a652076656c696b6f7374206a65646e6f686f20706978656c7520767a686c6564656d206b266e6273703b7265c3a16c6ec3a96d2070726f73746f72752061c5a52075c5be2070726f207a6f6272617a656ec3ad206e61206f6272617a6f7663652c207469736bc3a1726ec49b206e65626f206a696ec3a96d2076c3bd737475706ec3ad6d207a61c599c3ad7a656ec3ad2e2056266e6273703b736f75c48d61736ec3a920646f62c49b20736520706f75c5bec3ad76c3a1207374c3a16c65206a65c5a174c49b2076c49b74c5a1c3ad206d6e6fc5be737476c3ad206a65646e6f74656b2c2061c5a52075c5be206a6520746f206e6170c5992e206d6574722c2070616c6563206e65626f206a656a6963682072c5af7a6ec3a1206f64766f7a656ec3ad2e3c2f703e0a3c703e426c6f6b206275646520646566696e6f76c3a16e2061c5be20706f207374616e6f76656ec3ad20626c6f6bc5af2061206a65646e6f74656b2070726f20767a64c3a16c656e6f73742e3c2f703e0a0a0a3c68333e3c61206e616d653d226368322d34222f3e322e342e204672656b76656ec48d6ec3ad206d6170613c2f68333e0a3c703e54656e746f20626c6f6b207572c48d756a65207a70c5af736f6220696e74657270726574616365206a65646e6f686f20737475706ec49b20612076c3bdc5a16b79207ac3a16b6c61646ec3ad206672656b76656e63652c2070c59965646576c5a1c3ad6d20706f6d6f63c3ad207ac3a16b6c61646ec3ad63682066797a696bc3a16c6ec3ad6368206a65646e6f74656b2e2043c3ad6c656d206a6520756d6fc5be6e697420756b6cc3a164c3a16ec3ad206269746d61706f76c3bd6368206f6272c3a17a6bc5af2069206e6170c599c3ad6b6c61642070726f20696e667261c48d657276656ec3a920c48d692072656e7467656e6f76c3a920736ec3ad6d6b792061206a656a696368206175746f6d617469636b6f75207472616e73666f726d61636920646f207669646974656c6ec3a920c48dc3a1737469207370656b74726120646c6520706f74c5996562792e204275646520646f737475706ec3a920706f7a64c49b6a692c2061c5be20706f2064656b6c61726163692066797a696bc3a16c6ec3ad636820626c6f6bc5af2e3c2f703e0a0a0a3c68333e3c61206e616d653d226368322d35222f3e322e352e2050616c6574613c2f68333e0a3c703e50616c657461206a6520736f75c48dc3a17374c3ad206b6f6d7072696d61c48d6ec3ad686f2070c599c3ad73747570752c206b746572c3bd20696e646578c5af6d20706978656cc5af2070c59969c599617a756a65206261727675207a266e6273703b746162756c6b792e3c2f703e0a3c703e4a65646ec3a12073652076266e6273703b706f6473746174c49b206f266e6273703b706f6c652074726f6a696320c48dc3ad73656c205247422070c599c3ad7061646ec49b20706f7a64c49b6a692064616cc5a1c3ad6368206d6fc5be6ec3bd636820686f646e6f742e3c2f703e0a3c703e56266e6273703b70c599c3ad706164c49b206f6272c3a17a6bc5af2076266e6273703b747275652d636f6c6f722062617265766ec3a920686c6f7562636520736520686f646e6f747920706978656cc5af2070c599c3ad6d6f20696e74657270726574756ac3ad206a616b6f2074726f6a696365205247422e3c2f703e0a0a0a3c68333e3c61206e616d653d226368322d352d31222f3e322e352e312e2056c3bd63686f7ac3ad2070616c6574613c2f68333e0a3c703e4a65646e61207a266e6273703b6d6fc5be6ec3bd63682070616c657420736c6f75c5bec3ad2070726f2070c599c3ad6d6f7520696e74657270726574616369206269746f76c3bd636820686f646e6f7420706978656cc5af206a616b6fc5be746f205247422c2072657370656b74697665205247424120686f646e6f74792e204a65646ec3a1207365206f266e6273703b74c599692c2072657370656b7469766520c48d7479c59969206f736d696269746f76c3a920686f646e6f74792c207465647920c48d657276656e6f752c207a656c656e6f752c206d6f64726f7520612070c599c3ad7061646ec49b20616c6661206b616ec3a16c2e204a65646ec3a1207365206f266e6273703b76617269616e7475206672656b76656ec48d6ec3ad206d6170792e3c2f703e0a3c703e426c6f6b2052474250616c657474652f44656661756c7452474250616c657474653c2f703e0a3c703e426c6f6b2052474250616c657474652f44656661756c745247424150616c657474653c2f703e0a3c703e426c6f6b2052474250616c657474652f44656661756c74475363616c6550616c657474653c2f703e0a3c703e426c6f6b2052474250616c657474652f44656661756c74475363616c654150616c657474653c2f703e0a0a0a3c68333e3c61206e616d653d226368322d352d32222f3e322e352e322e20496e6465786f76c3a12070616c6574613c2f68333e0a3c703e44616cc5a1c3ad206d6fc5be6e6f752076617269616e746f75206a6520646566696e6963652070616c65747920706f6d6f63c3ad20746162756c6b792052474220686f646e6f742c2070c59969c48d656dc5be20706f6c6fc5be6b79206269746d617079206a736f75207679686f646e6f63656e79206a616b6f20696e6465787920646f2074c3a9746f20746162756c6b792e3c2f703e0a3c703e426c6f6b2052474250616c657474652f52474250616c657474654c6973743c2f703e0a3c703e0a5542506f696e7465724c69737420524742496e64657865733c62722f3e0a3c2f703e0a3c703e55766564656ec3a92073657a6e616d792070616b206f646b617a756ac3ad206ec3a1736c6564756ac3ad63c3ad20706f6c6fc5be6b793a3c2f703e0a3c703e426c6f6b2052474250616c657474652f52474250616c6574746556616c75653c2f703e0a3c703e0a5542526174696f205265643c62722f3e0a5542526174696f20477265656e3c62722f3e0a5542526174696f20426c75653c62722f3e0a5542526174696f2041706c68613c62722f3e0a3c2f703e0a0a0a3c68333e3c61206e616d653d226368322d352d33222f3e322e352e332e20546162756c6b6f76c3a12070616c6574613c2f68333e0a3c703e5461746f2070616c657461206a65206b6f6d7072696d6163c3ad2070c599656463686f7ac3ad2076617269616e74792e3c2f703e0a3c703e426c6f6b2052474250616c657474652f52474250616c657474655461626c653c2f703e0a3c703e0a55424e61747572616c20496e646578436f756e743c62722f3e0a5542506f696e7465722050616c65747465446174613c62722f3e0a3c2f703e0a3c703e556b617a6174656c2050616c6574746544617461206f646b617a756a65206461746f76c3bd20626c6f6b2076266e6273703b6ec49b6dc5be206a6520706f736c6f75706e6f7374205247424120686f646e6f742072657072657a656e74756ac3ad63c3ad206a65646e6f746c6976c3a920c3ba64616a652070616c6574792e3c2f703e0a0a0a3c68333e3c61206e616d653d226368322d36222f3e322e362e20506f6c6520766c6173746e6f7374c3ad20706978656cc5af3c2f68333e0a3c703e566c6173746e6f737469206a65646e6f746c6976c3bd636820706978656cc5af206a736f7520646566696e6f76c3a16e7920706f6d6f63c3ad2062696ec3a1726ec3ad686f20706f6c652c206b746572c3a92070c599656473746176756a65206b6f6d707265736920766c6e6f76c3bd636820766c6173746e6f7374c3ad20706f6d6f63c3ad20766f6c6974656c6ec3a9686f20616c676f7269746d752e2054c3ad6d206dc5afc5be652062c3bd74206e6170c599c3ad6b6c6164205247422c20434d594b2c205955492c206e65626f20677261792d7363616c652e204e6176c3ad6320692073616d6f746ec3a920746f746f206461746f76c3a920706f6c65206dc5afc5be652062c3bd742064c3a16c65206b6f6d707265736f76c3a16e6f20706f6d6f63c3ad2064616cc5a1c3ad686f20616c676f7269746d752c2061c5a52075c5be207a7472c3a1746f76c3a96e6f2c206e65626f206e657a7472c3a1746f76c3a9686f2e3c2f703e0a0a0a3c68333e3c61206e616d653d226368322d362d31222f3e322e362e312e20506f6c652052474220686f646e6f743c2f68333e0a3c703e50c599c3ad6b6c6164656d2075766564656ec3a9686f20706f6c65206a6520706f6c652074726f6a69632052474220686f646e6f74206f266e6273703b62616a746f76c3bd636820726f7a7361c5bec3ad63682e204f736d69636520626974c5af2076796a6164c599756a6520696e74656e7a69747520766c6e6f76c3a92064c3a96c6b792076652076c3bd736c65646ec3a96d207376c49b746c652064616ec3a9686f20706978656c752e2030202d2070726f206e756c6f76c3bd20706f64c3ad6c2c20323535202d206d6178696dc3a16c6ec3ad20696e74656e7a6974612e3c2f703e0a0a0a3c68333e3c61206e616d653d226368322d32222f3e322e322e20526f76696e61206f6472617a75206120706f686c63656ec3ad3c2f68333e0a3c703e5461746f20726f76696e61206a6520706f75c5be6974656c6ec3a12070c59965646576c5a1c3ad6d2070726f206f707469636b79207a6f6272617a6974656c6ec3a120646174612e204a65646ec3a1207365206f266e6273703b7472696ec3a1726ec3ad2066756e6b63692c206b746572c3a12076726163c3ad206476c49b207265c3a16c6ec3a920686f646e6f74792076266e6273703b696e74657276616c7520266c743b302c312667743b2c206b746572c3a9207572c48d756ac3ad20696e64657879206f6472617a75206120706f686c63656ec3ad2e2054c599692076737475706ec3ad20706172616d65747279207572c48d756ac3ad20736f75c59961646e6963652061206672656b76656e63692e2046797a696bc3a16c6ec3ad2076c3bd7a6e616d206a6520726f76696e61206b746572c3a1207ac3a1c599656ec3ad206f266e6273703b6672656b76656e6369204620646f706164616ac3ad63c3ad20646f20626f64752028582c592920706f64206c69626f766f6c6ec3bd6d20c3ba686c656d20726f7a64c49b6cc3ad206e612074c5996920c48dc3a17374692c206120746f206e6120c48dc3a173742c206b746572c3a12070726f6a64652c20c48dc3a17374206b746572c3a1207365206f6472617ac3ad206120c48dc3a173742c206b746572c3a1206a6520706f686c63656e6120286162736f72626f76c3a16e61292e3c2f703e0a3c703e2d205665727a6520303a205374616e64617264204162736f7262696e67506c616e653c62722f3e0a5461746f207ac3a16b6c61646ec3ad20666f726d6120706f75c5bec3ad76c3a120706f757a65206ec49b6b6f6c696b207ac3a16b6c61646ec3ad636820766c6173746e6f7374c3ad3a3c2f703e0a3c703e55424e61747572616c202d20526174696f496e6465783c62722f3e0a55424e61747572616c202d204672657175656e63794d6170496e6465783c2f703e0a0a0a3c68333e3c61206e616d653d22636833222f3e332e205a6168726e7574c3ad206578697374756ac3ad63c3ad636820666f726dc3a174c5af3c2f68333e0a3c703e5461746f206b617069746f6c6120736520736e61c5bec3ad207576c3a9737420766c6173746e6f737469206578697374756ac3ad63c3ad6368206269746d61706f76c3bd636820666f726dc3a174c5af2061207a70c5af736f622072657072657a656e7461636520656b766976616c656e746ec3ad636820766c6173746e6f7374c3ad2076266e6273703b70726f746f6b6f6c7520584255502e3c2f703e0a0a0a3c68333e3c61206e616d653d226368332d31222f3e332e312e20466f726dc3a17420504e473c2f68333e0a3c703e506f727461626c65204e6574776f726b2047726170686963206a6520646f62c5996520646f6b756d656e746f76616ec3bd20666f726dc3a1742062657a206c6963656ec48d6ec3ad6368206f6d657a656ec3ad2c206e617672c5be656ec3bd2070726f20c5a169726f6bc3a920706f75c5be6974c3ad206e6120696e7465726e6574752e20446973706f6e756a65206b76616c69746ec3ad2062657a737472c3a1746f766f75206b6f6d70726573c3ad2061206a652076686f646ec3bd2070726f2070726f75646f76c3a9207a707261636f76c3a16ec3ad2e20506f75c5bec3ad76c3a120726f7ac5a169c5996974656c6e6f7520626c6f6b6f766f7520737472756b747572752061207065766ec3a9206bc3b3646f76c3a16ec3ad2063656cc3bd636820c48dc3ad73656c2073266e6273703b656e6469616e69746f7520646c6520224e6574776f726b2042797465204f72646572222e3c2f703e0a0a0a3c68333e3c61206e616d653d226368332d312d31222f3e332e312e312e204b72697469636bc3a920626c6f6b7920504e473c2f68333e0a3c703e4b72697469636bc3a920626c6f6b79207365206d7573c3ad2070726f207ac3ad736bc3a16ec3ad206f6272c3a17a6b752076c5be6479207a707261636f7661742e204a736f7520746f206ec3a1736c6564756ac3ad63c3ad3a3c2f703e0a3c756c3e0a3c6c693e4948445220496d61676520486561646572202d203c2f6c693e0a3c6c693e504c54452050616c6574746520286f7074696f6e616c293c2f6c693e0a3c6c693e4944415420496d61676520446174613c2f6c693e0a3c6c693e49454e4420496d61676520456e643c2f6c693e0a3c2f756c3e0a0a0a3c68333e3c61206e616d653d226368332d312d312d31222f3e332e312e312e312e20504e4720496d616765204865616465723c2f68333e0a3c703e4948445220626c6f6b206a6520706f76696e6ec49b20756dc3ad7374c49b6e206e61207a61c48dc3a1746b75206b61c5be64c3a9686f20504e47206f6272c3a17a6b752e204dc3a1206ec3a1736c6564756ac3ad63c3ad20686f646e6f74793a3c2f703e0a57696474683a20342062797465733c62722f3e0a4865696768743a20342062797465733c62722f3e0a4269742064657074683a203120627974653c62722f3e0a436f6c6f7220747970653a203120627974653c62722f3e0a436f6d7072657373696f6e206d6574686f643a203120627974653c62722f3e0a46696c746572206d6574686f643a203120627974653c62722f3e0a496e7465726c616365206d6574686f643a203120627974653c62722f3e0a3c703e54656e746f20626c6f6b206a6520c59965c5a1656e206ec3a1736c6564756ac3ad63c3ad6d207a70c5af736f62656d3a3c62722f3e0a57696474682c20486569676874206a736f752072657072657a656e746f76c3a16e7920706f6d6f63c3ad20626c6f6b7520506978656c6f76c3a120726f76696e612e3c62722f3e0a426974206465707468206a65207265616c697a6f76c3a16e6120706f6d6f63c3ad204672657175656e63794d6170496e6465782e3c62722f3e0a436f6c6f722074797065206dc3a12076266e6273703b504e47206ec3a1736c6564756ac3ad63c3ad2076c3bd7a6e616d6ec3a920626974793a3c62722f3e0a31202d2070616c6574746520757365643c62722f3e0a32202d20636f6c6f7220757365643c62722f3e0a33202d20616c706861206368616e6e656c20757365643c62722f3e0a3c2f703e0a3c703e506c61746ec3a920686f646e6f7479206a736f7520302c20322c20332c20342c20362e3c2f703e0a0a2020200a3c68333e3c61206e616d653d226368332d312d32222f3e332e312e322e20506f6d6f636ec3a920626c6f6b7920504e473c2f68333e0a3c703e4ec3a1736c6564756ac3ad63c3ad20626c6f6b79206e656a736f75206573656e6369c3a16c6ec3ad20736f75c48dc3a17374c3ad206f6272c3a17a6b752c20616c65206d6f686f752062c3bd742069676e6f726f76c3a16e792c2061c48d6b6f6c6976206d6f686f75206dc3ad74206e61207a6f6272617a656ec3ad20766c69762e3c2f703e0a3c756c3e0a3c6c693e6348524d202020204e6f2020202020204265666f726520504c544520616e6420494441543c2f6c693e0a3c6c693e67414d41202020204e6f2020202020204265666f726520504c544520616e6420494441543c2f6c693e0a3c6c693e69434350202020204e6f2020202020204265666f726520504c544520616e6420494441543c2f6c693e0a3c6c693e73424954202020204e6f2020202020204265666f726520504c544520616e6420494441543c2f6c693e0a3c6c693e73524742202020204e6f2020202020204265666f726520504c544520616e6420494441543c2f6c693e0a3c6c693e624b4744202020204e6f202020202020416674657220504c54453b206265666f726520494441543c2f6c693e0a3c6c693e68495354202020204e6f202020202020416674657220504c54453b206265666f726520494441543c2f6c693e0a3c6c693e74524e53202020204e6f202020202020416674657220504c54453b206265666f726520494441543c2f6c693e0a3c6c693e70485973202020204e6f2020202020204265666f726520494441543c2f6c693e0a3c6c693e73504c542020202059657320202020204265666f726520494441543c2f6c693e0a3c6c693e74494d45202020204e6f2020202020204e6f6e653c2f6c693e0a3c6c693e695458742020202059657320202020204e6f6e653c2f6c693e0a3c6c693e744558742020202059657320202020204e6f6e653c2f6c693e0a3c6c693e7a5458742020202059657320202020204e6f6e653c2f6c693e0a3c2f756c3e0a3c703e506f736c65646ec3ad2074c599692075766564656ec3a920626c6f6b7920706f75c5bec3ad76616ac3ad206ec3a1736c6564756ac3ad63c3ad207374616e646172646ec3ad206b6cc3adc48d6f76c3a120736c6f76612070726f20746578746f76c3a920706f6c6fc5be6b7920612073706164616ac3ad20646f20626c6f6bc5af20696e666f726d6163c3ad206f266e6273703b767a6e696b7520646f6b756d656e74752e3c2f703e0a3c703e0a5469746c65202d2053686f727420286f6e65206c696e6529207469746c65206f722063617074696f6e20666f7220696d6167653c62722f3e0a417574686f72202d204e616d65206f6620696d61676527732063726561746f723c62722f3e0a4465736372697074696f6e202d204465736372697074696f6e206f6620696d6167652028706f737369626c79206c6f6e67293c62722f3e0a436f70797269676874202d20436f70797269676874206e6f746963653c62722f3e0a4372656174696f6e2054696d65202d2054696d65206f66206f726967696e616c20696d616765206372656174696f6e3c62722f3e0a536f667477617265202d20536f667477617265207573656420746f206372656174652074686520696d6167653c62722f3e0a446973636c61696d6572202d204c6567616c20646973636c61696d65723c62722f3e0a5761726e696e67202d205761726e696e67206f66206e6174757265206f6620636f6e74656e743c62722f3e0a536f75726365202d20446576696365207573656420746f206372656174652074686520696d6167653c62722f3e0a436f6d6d656e74202d204d697363656c6c616e656f757320636f6d6d656e743b20636f6e76657273696f6e2066726f6d2047494620636f6d6d656e743c2f703e0a0a3c703e546f646f3a20436f6d70726573696f6e2f46696c7465722f496e7465726c616365206a736f75206d7574c3a1746f72792c2076697a2e20706f7a64c49b6a692e2e2e3c2f703e0a3c703e3c7374726f6e673e504c54452050616c657474653c2f7374726f6e673e3c62722f3e0a56697a2e206672656b76656ec48d6ec3ad206d6170613c2f703e0a3c703e3c7374726f6e673e4944415420496d61676520646174613c2f7374726f6e673e3c62722f3e0a526570726573656e746f76c3a16e6f206a616b6f206e6f726dc3a16c6ec3ad206461746f76c3bd20626c6f6b3c2f703e0a3c703e426c6f6b3a205374616e646172642050616c65747465204269746d61703c2f703e0a0a0a3c68333e3c61206e616d653d22636834222f3e342e205265666572656e63653c2f68333e0a3c756c3e3c6c693e4f646b617a79206e6120736f75766973656ac3ad63c3ad20696e666f726d6163653c62722f3e0a3c62722f3e3c2f6c693e0a3c6c693e4f646b617a79206e61206f62646f626ec3a920666f726dc3a174793c62722f3e0a466f726dc3a17420504e47203c6120687265663d22687474703a2f2f7777772e6c6962706e672e6f72672f7075622f706e672f223e687474703a2f2f7777772e6c6962706e672e6f72672f7075622f706e672f3c2f613e3c62722f3e0a466f726dc3a174204a504547203c6120687265663d22687474703a2f2f7777772e6a7065672e6f72672f223e687474703a2f2f7777772e6a7065672e6f72672f3c2f613e3c62722f3e0a466f726dc3a1742054494646203c6120687265663d22687474703a2f2f706172746e6572732e61646f62652e636f6d2f7075626c69632f646576656c6f7065722f746966662f696e6465782e68746d6c223e687474703a2f2f706172746e6572732e61646f62652e636f6d2f7075626c69632f646576656c6f7065722f746966662f696e6465782e68746d6c3c2f613e3c62722f3e0a466f726dc3a17420424d50203c6120687265663d22687474703a2f2f6d73646e2e6d6963726f736f66742e636f6d2f6c6962726172792f64656661756c742e6173703f75726c3d2f6c6962726172792f656e2d75732f6764692f6269746d6170735f393969722e6173703f6672616d653d74727565223e687474703a2f2f6d73646e2e6d6963726f736f66742e636f6d2f6c6962726172792f64656661756c742e6173703f75726c3d2f6c6962726172792f656e2d75732f6764692f6269746d6170735f393969722e6173703f6672616d653d747275653c2f613e3c62722f3e0a3c62722f3e3c2f6c693e0a3c2f756c3e0a),
(717, 'xbup-plugin-picture-0.1.24-SNAPSHOT.jar', 711, 0x504b03040a00000808007d722b46000000000200000000000000090000004d4554412d494e462f0300504b03040a00000808007d722b46b27f02ee1b00000019000000140000004d4554412d494e462f4d414e49464553542e4d46f34dcccb4c4b2d2ed10d4b2d2acecccfb35230d433e0e5e2e50200504b03040a00000808006e012b46000000000200000000000000040000006f72672f0300504b03040a00000808006e012b46000000000200000000000000090000006f72672f786275702f0300504b03040a00000808006e012b46000000000200000000000000100000006f72672f786275702f706c7567696e2f0300504b03040a00000808007d722b46000000000200000000000000180000006f72672f786275702f706c7567696e2f706963747572652f0300504b03040a00000808007d722b463d46c2b7ad010000320300002f0000006f72672f786275702f706c7567696e2f706963747572652f584250696374757265506c7567696e24312e636c6173738d526b4bdc40143de3ae664d53777dd4b6dafa46372a46db8f16054541d9ea82b2e8c749765847c664c943fd59f583080afe007f54e99dd9585410362133f71eee39f7e4729ffede3f02f889d97ef4e2ab8d3e8c5918b751d0f7370bdf2d4c30f4a56732995b65706b51dcf2aefdacedb555d692a1d796419ac5c23bd9aa77a2bac1d789f44b8632dd6058ae76cd721b0cc5eda82918ca35198a83ecc217f131f7152143b528e0aac163a9f31c2c6a6b0cce5e188a785bf12411942e75db716e8d9c965a22adf3502886d1aa5b3be797fcda4bae64d8f2f60d4e35f65194c581d895bae9c81b95154d21cb3b61a0a28478bf457a16352d4c3a98c2b48312fa1dd898a161fc37a6a4ef5dca24e38af28ecbe485bd8e1fb7ebff60a868179ee264fbd03f1741ca30fdaa5b2e41542dbed3946914332c74d98261e0794ecfd4f9eafe8b8d78af054daf50751b34895eda2f060bac52d123a1cdeba1cfc607421d8a362837c8e2d22dd8e21d7a6e4ccd473a351358c7009da339af8c41c0445a8dd13b84e15ceb07d56846e90185d33b14ffbc51da344a4ea726572a60c4547da20e40119ff10515a3cfc8bb79fe01504b03040a00000808007d722b464fc7305a84020000a30500002d0000006f72672f786275702f706c7567696e2f706963747572652f584250696374757265506c7567696e2e636c6173738d535d4f1341143dd32d146a010b15455114f96881b2e0578c3526d0688014682c69f0715ac632b89d6df683f0437cf23f98e0938926fe007f94f1eeecda9622da97b93377eeb9e7ec99bb3f7f7dfb01e031969318c4c321cc25309f848185041613c8269063486d2b259ca2c55d57b80c832fa592de2b06239bab32c48bf69160182b4925f6fc664d3807bc665166bc64d7b955e58e0cce5132ee1d4bea912bd94ec33cabf92db365f90da9cc96ac7bbe23ccc3cd72b82beb7c8161a421bcf050e6de3143269b2b9df0536e5a5c35cc8ae748d5a0b2092a0b34bc3e929eedb845db579ed6b813b6e8dc31cc6777ba1458b2f647c5e166a78c7a0e487524ce1818f5c80432b812d64582d18b698685ab7b77d505df55f178fdc32e6f45d64c52a703872bf7bded34b9276d1551a42f5d908157b35c2c25a264c5f69dba782303964c8fc1ab81950c536f894a364555ba92d46c28657b1a4f8ff5bca484679e09fb382271cd1a7785c93b4566d86cbbd9b24453a8305b486118498682d6782a5d9f5bed770e72f9b05d3ecae5d756d7571f3dc957f636ca95adfd0392467ee6fa9c94b9f5806e8961b14f00c3f5ce18edd74e449dbc9ebee2e522c44ab6efc1cd55f10003f4573124e8171ba2486ed07a8d4e2645467160e92bd817dac490a27550276731426b2a2cc028c6289258a423703e021be3b1f31ee84217d46843c731114157a83ab88b0d7fee412e7721636d64063722e4338a4670c77a39d7347292721d64b09bc44d2df4d665f6642ffbd3bfb24fe17684ac22aed9d333c31f3f21f51dc63b722e7eaec518bad1a82e78410d0b042f76894ab745a5235177348a8dd176ba0f6fb6feaaee2eeefdd79bdd7f7a6360469feed3a48488593d29d07362e85afc06504b010214030a00000808007d722b46000000000200000000000000090000000000000000001000ed41000000004d4554412d494e462f504b010214030a00000808007d722b46b27f02ee1b00000019000000140000000000000000000000a481290000004d4554412d494e462f4d414e49464553542e4d46504b010214030a00000808006e012b46000000000200000000000000040000000000000000001000fd41760000006f72672f504b010214030a00000808006e012b46000000000200000000000000090000000000000000001000fd419a0000006f72672f786275702f504b010214030a00000808006e012b46000000000200000000000000100000000000000000001000fd41c30000006f72672f786275702f706c7567696e2f504b010214030a00000808007d722b46000000000200000000000000180000000000000000001000fd41f30000006f72672f786275702f706c7567696e2f706963747572652f504b010214030a00000808007d722b463d46c2b7ad010000320300002f0000000000000000000000b4812b0100006f72672f786275702f706c7567696e2f706963747572652f584250696374757265506c7567696e24312e636c617373504b010214030a00000808007d722b464fc7305a84020000a30500002d0000000000000000000000b481250300006f72672f786275702f706c7567696e2f706963747572652f584250696374757265506c7567696e2e636c617373504b050600000000080008001e020000f40500000000);
INSERT INTO `XBXFILE` (`ID`, `FILENAME`, `NODE_ID`, `CONTENT`) VALUES
(820, 'xbup-plugin-basic-0.1.24-SNAPSHOT.jar', 29, 0x504b03040a000008080076b92946000000000200000000000000090000004d4554412d494e462f0300504b03040a000008080076b92946b27f02ee1b00000019000000140000004d4554412d494e462f4d414e49464553542e4d46f34dcccb4c4b2d2ed10d4b2d2acecccfb35230d433e0e5e2e50200504b03040a00000808001bbd2646000000000200000000000000040000006f72672f0300504b03040a00000808001bbd2646000000000200000000000000090000006f72672f786275702f0300504b03040a00000808001bbd2646000000000200000000000000100000006f72672f786275702f706c7567696e2f0300504b03040a000008080076b92946000000000200000000000000160000006f72672f786275702f706c7567696e2f62617369632f0300504b03040a000008080076b929461583dc27d40100004e0300002b0000006f72672f786275702f706c7567696e2f62617369632f58424261736963506c7567696e24312e636c6173738d52df4f134110fe96d61e1c27d42af5b7142970c584d3e89b8687921a252790a0041ff7ae9bb2e4dcbddc6db5fe593e18124df4dd3fca38bbb4107db1b9dceeececf77d333b33bf7e7ffb01e02936e650c31d1f1eee7ab8378bfb3e2a78e061d943cbc30a43cd9cc8b2fd98612dd6c5201a25c33ccab3e140aa28e1a54ca3e36ed7ee07cef79c082fa492669b210ca762748e18aa3bba2f181663a9c4def043228ab73cc9c8d38875cab3235e487b1e3bab362586e0b552a2d8c978590a3a6e4c13adfd84329c1d0873c095c8189a61273ee51ff9282a3f493588769d9f30fea11e16a978295d167f696c590225db5369a64b62bd11e644f73d3c0cb08a768039f801e6b1463959689471527ea7ca619eebc288fe7e2e0a6ea456bd512a726b50883d6d5a1788d66761b6acc63ad57daa6731d42f63ed27a722350c2b17d44c2613fa71d7bdb1d79746170cab53c8332c4c4a36a1ad87bb9df8bff254c84a681bbc14c697e91d9a82aa468d478b86cf037504ac5eb775a3999ca17f1e0179af92b54d67ebf1371f7d05db3cc3cc178759a0b54618e01516696d9ea350470370965563f45dc78db1d6331a6dcbf0bfa3f2be513dc3959fff68c54e2b38478db52a5872a8266ed25ec52ddcc635774fb3ee62e10f504b03040a000008080076b9294689fe43e30703000080060000290000006f72672f786275702f706c7567696e2f62617369632f58424261736963506c7567696e2e636c6173738d54db6ed340109d8d93ba71d34bda106829945e499a8b7b23200a484d05b455682352a296b74dbaa42ece3ab21dd42f407c004f7c02125278aa44253e808f42ccda2671d28b6a693dbbe37366ceececfacfdf5fbf016015720a0c41aa1fd221701f49868c022148c9905540165655202cec920203b02cc38a0cab32ac11886c73cecc4d9d5a16b308f43dd3b866bf202025926502c14de38811182e689ced36eb1566eed38a8e9ed18251a57a999a9a587bcea07dac618cf98261d6d4d34ab3a136f4664de36a855a5a553dc8e7852d3abe7502833566bb8b22b58f09c412c9c209fd44559df29a5ab24d8dd71036863091ffe591661ba6b56934b9ede8db714374be61eac44eb2935dd72aff151ce43b308c19d2f8113b2540448c924dab1fdfd08657454cc8a29ce9dd0987badd0416aecee5c361b23832f74dcaad0f8659a7b666702f64f4c20702c9aba3764331b052329a6695bdd29c8e746d6f566c2481f1b79848abb3b2666958dc06e786edb0b14d4f0a9cd9ea29338ebd1496e813536907a4bac1b6eb0d9dd51977bdeb1188c2288194db55a133e306c8389ecc527639bbb29629ed6e144b5b7bfb2805772b7df999d0b12bea2eb59b26d5fd8dbc0ebecd6d5663a61f9eba06ee1ea4ae537283f339b72cca7c4460f6066002239d83bb57396155eceee41567c363241237ba26c9324cc3205e70bc8578b5fbd1e2eee37b0c572a5a8236b47806e4274e0210c3779fe39c835bf88eb80088c36db404eec0b847ce78646934d0eaa1267c54a94d9d80bb1e358b68f12d1803e9470f37e3e306dbdc49b8e7713f235a429b9bfaf25dfcac56bc9f5600c7048e191c8be7103a3c83bed639c868fbd186d12a2dd27214896c710839ec4958c3521f431a9ee2ecb9933dee44cb79d9c5ec3e4c61fe078ecae0a42ccbb89a6ed793f6ea0928bdd5e47dd504dad5ccc0acc72c638da29ae854f8eb37889cc3c021f622e2173ae4005e63c02d6c61d12730da1618f50994800ce374eea2ba70afba7797aa9b87058f99432b9207486f87dffb6404da32029e0c091e3aab04243dc622da111c0ace07dc86fd03504b03040a000008080076b929460000000002000000000000001b0000006f72672f786275702f706c7567696e2f62617369632f6c696e652f0300504b03040a000008080076b92946fffd3fcf460400009d090000320000006f72672f786275702f706c7567696e2f62617369632f6c696e652f4e61747572616c4c696e65456469746f722e636c617373a5566d571b55107e16922c846d4168115b44aa204b82ac80d5f222b549c1425340c3bb5add6c2e61ebb29bee6e00fb9bfca0e768a8728ec7cffe288f33bbeb124a38476a3edc97d999e799993b736ffefafbf73f004ce1208d5e4ccb9849a305d3edb889d90ecce15319f32cb99fc6677890460a391ef23c3ce46141c6621ad7f0396f1ef1b094c6321ef35060cb2769c25a91b12a634dc61732be94a02cd9b670f396ee79c293903cd4ad9a90305a70dc8a765caa5535cb2c6986e30aad56b26b0725e16afe0f55a16de456747f6a7256426aceb44d7f5e42ab3aba29219177ca84d059306db11218aceb258b24dd05c7d0ad4ddd35791f0913febe49bce3677c55ab56316dada47ba641e4b6d088a8e6ea16032e944ddf7189b4c3138463992fc4764ec27db589bfa1064dcf6bc23684b69d5b2f46eb62f0e9916e972de1ceb2d7a9505bc2dcff4192905e383644d5371ddb935194b14e29ae083fef1c541d5bd8be845bea68e1997ea81f6bde916957b4e5f81b99b71b678a7de7d5d6c5b1bf680aabcc6a0419a682e0f728fddefebfdbdbea65e8a3bb14a688d4fa2ef7a18dc037c332c8aa572984362f361c6b7620cded38fbe9a253730db1687249f45e38ef71f655413fde9630f21f7115dcc26d191b0a36b145a0cd73a9601b3b3276157c85af99e11b054ff1ad82ef78d051a2d2bc4a650e4d3088a1a00ca1600f1519fb8c6d2a78861d0577f1bd028be318bb0aac04f55cd891c976ee41c9f35dddf01b55079bab36aa4cbf468d9b2fc28e1dbf685bd55d32279335d73184e7518ee33690d0c3a9d74c475b5a6d90cebc7e9b5119ebd5aab0cb97d45984b39d6b743ca833994abbe0d895e0ae5a96d015b866e9541345df35f9831cdc80ab7b126eaacb61a7362accb2fca294c1e94a0a9a32bad8d45d16b69370b5aa3fe7a6b8e172349ebfe818356fc9de32edb27314b8429d39a15eed0a64f02ebd5c0ec00aa6e70b9b337327724e3ff23571480dad9d5388b3c01d401ea94d23bc7e260bb335d42ce4c2792dbe962c9aa31b2041d923aece3dd3158128bf4f9a0277e80deaa5c7e84df441a299ba945e3d99d6d4de340ed06e1eadb402ba32279032a768d93941ebaf48fc4cb216bc43233f67c0301218c120ad94509fd0dfa559c27b18220dc6cad3ccba1dd9cc2f48fc86640b5e85c9d23c16c0f486aa110caf86f13ec18dd03a45df548cd22e4316a1a34fc901b61838456a87f1eb905fa2ed04ed856c6b1d691e3ab23fc57cdda40f7c48f304256092429e6ae01d8878bb299c317c401cd46d319788b8869b70d5a16c654f716d871276bd8ece0b94f7689e26ca19caccc306cae198b227a6d4c8c190728fcea195e6feec9f483d61ceb13aba5ee28d3abaebe8c9d47123f1e32b4c4b48d2ff8d5e3ca6932d044c8321469cd47e0a7e921892e40f73b6d07a0a1f459c5ae0039064bab330528170ade1b093f161dfc5c771e184879dca649b94cb3ad96c34049f8a5d4a0565c8e5f84960730f6f055612fd9d0a7eff00504b03040a000008080076b9294650e1d0b8cf03000088080000310000006f72672f786275702f706c7567696e2f62617369632f6c696e652f537472696e674c696e65456469746f722e636c617373a555ef57db64147eded226d0468a0c2a0e5170a8a16564885319c81c1504d68dcd5684f9c5347d07f1644997a40cf737f941cfd172947376fcec1fe5f1dea40b8575ee30bfbc3f6e9e7b9ffbf3cddffffcf90cc00276b318c675159f6691c2f501bc89cf72f81c8b2a6eb064290b05cbbc7cc1cb8a8a9b59e4f0255f6ef1b2caa87296f4be52b1a6625dc5d72a3604b44dd7957ed931834006029943d3694981a98ae7ef1b47f556d370ecba6179be34c29f9ad2d85dad86beedee2f0928cbb66b872b027dfacc8e40baec3548335fb15d79b7f5a82efd9a597748325cf12cd3d9317d9bef1d613a3cb089efea294fd369eddbae513703db2252571a3113db5b6bd8a1e713672e9064c6b19fcadd55819b7a0f3763046d8f5bd2b5d8e35ab573ae469f364cb7e1487f899d5662b4c0f2ffb124905d3bb26433b43d3750b1a9628b32bb2fc3b2f7a8e9b9d20d052eeb33951fcd43f3c8089e5054c656f28dd407ac53e0d859584d1e85ebb6741a0c2393712ac8fc43ca7e70f0fc3aaebfccfacc030a537660632ff7a19f8cefc4d5bf42bebebafefd41a230ddab1067f19ced6cd56bf9965cb7b90346cf97778e5dd33086b705de7b85390d05bca5e2b6860aee08147aa74c8381bb6c715bc33ddcd7f00dee53cf5da0e5a6e759bdaaa1866f35ecb0b579b6f61d3b59ba802101fd4c481d8dddd55bf520f44d2bec864ef6867643165fa35deda7f1eccdbda8db347d5227957bbe67c92020df938e16b8c4e9356ccfd8dcee92de78fd89a18e349b4de9360466ff6386a9da5d8e472d34d21923c331a9d4492f8eea2f4a194eef4534319d47477fc0c201126e37cdc7dcb9d7f40bbd40ac3e64361aeb9ed50a2a76104a97a399ead09b4f42431ed23c196700919a4af3c59d494fe443db97d1e4940fc85f89297a9787e981be841108daa9b7e9d557e94cc340eb65baada08f4ec050f118a27882d4de31fa7e47fa5792a5304e2b3ff1c00748e323bc43272dc66302efd24e33854942b0ad32ed8ccd958abf21fd0732299c3753a27d36325388a11d337c9ac2fb64ee0a9d15fa364d94021f1269ece8f7e4286b8c9f40d963fb6da8c7e8af94fada18e0255bfa25211b266f816bc8d3588de0638a76a18b74bc439aa75874cc1081403121da235d464d9c273a416e8fb2a4b5f14617d520f905fa67e6b148f77217cd44423398d09428fa98e607c2b066a1f417943bcc33dbc6601bf9621b43e99fcf85b2810c3629e95b14ceed886332d64ef257c055cc91ed0c159dd95274362805319b11b10319263a755e8984db5d75cd24759da7bc3def91b8ae4ab1d4a333aaa453eb0a5b495c52a28ee3ce5b88743ec168a445f3137dc7bf504b03040a000008080076b9294669e0ce400b02000011040000340000006f72672f786275702f706c7567696e2f62617369632f6c696e652f4e61747572616c4c696e65456469746f7224312e636c61737395935b6fd33014c7ff6e4b4393c0ca80c12e8c01057a19cd26c40b9749a36ad150180f4c7b7713aff3e4c5552e5bbf160f0c8907c4331f0a719c9552ae5265c53e3e3ee7772e8ebf7efbf419c063b42b28e3960d0bab366e63cdc21d1b25dcb570cf42cdc27d86727a2893da0643dbd7f1c01bf5b3a13754d940465e9f2732f0948c84b7cbd32ce6ca27b91bca54c7cfc8f3b98c64bac5b0599fcdb5b1cf50eae85030cc19f56e76dc17f11eef2bd2ccfb3ae06a9fc7d2ecc7ca924992c1dd89221177144f1241db8d99c2d63629e7ca810eb2c4d749cab05af78ff809f7f869ea891311a55ecf1c768d98e75838a0d0cbff31627072de2b4e514206fb9dcee240f4a4c979e18f0cda86443577a340e944468337223dd4a185072e1ea2eea202db85838685a68b16d609625c465e724ad6deeb3d314a7b52a8d0c52334e8ca66ab9fa19ad7a238c1def68f44405d58f95b79be4c5241ad66589f2504f57720d21ff252bde1ff927e471f0f7574deb862dd7478f19fbda5cb26d4c4833a31a6e5d6d3a44a221455b2ad14d6e86fb7c07011ac5a35dda44750a4cf814bda4b246da14003b09bad0f60cd8f28bca75d0197692e930df01473342f9c5ba18a7920970c8dd1b88a6b63d693dc1360bf235e4c21d804c1709d7406716382e8d06aac9cd6198a5f503ac3859f303b3fdaa6f5e514d099009d31b0889bb9cf2296682d61192bb892fbd31bcd2df11d504b03040a000008080076b92946735393182a0400006d090000320000006f72672f786275702f706c7567696e2f62617369632f6c696e652f496e74656765724c696e65456469746f722e636c617373a555ff531b5510ff5c48ee209c80b420b688a9a25c12e404aa42416a134192a64d35290dd8562f979770cef52ebdbb50ecdfe40f3aa3a19519c79ffda31cf7dd9d47286146eadcccfbb2b7fbf9eceedb7defafbf7fff03c0328c2426b02261358918568670193786b18675099f73c9461237f14512226ef121c787bc842f9390b1c9375b7cf82a896d14f850e446b7930453927047c25d096509f704c805cb624eded45c97b90212079ad96102d225db69a987f54e5b358dbaaadb0e533b75abf3a4ce1cd5fbb1cdd4fbb982e52d2fad0910d70dcbf036040c28e91d01f1bcdd2084d19261b1bbbe4155ab9b24192fd9ba66ee688ec1f7a130eeed1bc4bb70c2d7363b2dc352eb9a6be8446e319588588b391c70b36178b643a4c32e231cd378ce6a390137953efe061a343ded304b676a2d57ad84eb8aff6b5bb31a2673d6b8d762a02d60fdff2009486e1eeaaced19b6e54af85ac23794e216f3f2f693b66d31cb13704549977ed00eb443d57d66582db518fd23f321fd4471eab45a951d7a5b06331b5c8d208354107c93d2efeeffbbbdaa9c879edea33059a83675be0f8304be13944156b948210cba91e17cbf03e96fc7b39facd81d47675b062f89c933e7bdc07d957115d302e6fe23ae8cb7714542454615f709b47f2e65ece081849a8c5dec71866f653cc423198ff188aaf2224539bbc8edbf93f13dc8d73a74090d0ecb6434f140c675b464ecf310e62f022b403915716852cbddaabb9ea3e95eaf6aaabf6aafcaea6b94b7f13c68d685b3b66dcd217332b9e7d83a735d4a6fd401022ef1acab86ad16ca3dd21bafdf6154c15abbcdacc6392516e2d472bd8efb25265155976cabe55f53450163be6ba646e550f11c83ff90fccbafdc1430a1148326ed5558e3f2b3520e4eb791df8fe19da6ec71e11009cb6ded29ef8745e562171cb71fd31a8d2d5befb825c3f598c583bf16f26bcf3c951d50bbaaa714a240797d0bb8acf40d62e444162464b65f54a5d35afcd231690efb3b4e0922aed1a6e1305f94df274d866bf4c24cd0533389b720d04c3d48cf99446b6a5e1adfa1dd060668058c658e20648e11db3dc2c06f88ff42b2186668e48f15f001e298c3bbb492037da4081fb47e0fef9306c7cad3cc7587b3995f117f89440cafc264699ef7612603d51086af668944c087b416e9df1c14daa591091d7d4c0e708b996388bb1cbf0be905068f3054ca0e7491e4c370f6e7886f9cf4818f695ea4f09728e0e51ede9990779cc2c99247027d1f455c0f43ae541fae63c8bb94ab37ba18e9611ba134022b84b74afb7c0f532a621a899816a0864c4db2e396d3d93f21dee154f35d8cbec058176f76319ee9e252fca75762da460205422fd271def69952014694cb698a7b9118121439e78cd17a89e20f3855df0720c1e94e42107d61b9e78c13d1195fc72751bd04672c66b27daaa44236d59ee0c5c825d1af3e5e859ffa369f61cab7a227d3ff8f7f00504b03040a000008080076b92946c9d6fc4d0c02000011040000340000006f72672f786275702f706c7567696e2f62617369632f6c696e652f496e74656765724c696e65456469746f7224312e636c61737395935b6fd33014c7ff6e4b4393c0ca80c12e8c0105d276349b100f886962aa5ab429c003d3de93d4eb3c797195b85bbf160f0c8907c4331f0a719c9552ae5265c53e3e3ee7772e8ebf7efbf419c053b42a28e38e0d0bab36ee62cdc23d1b25dcb7f0c042cdc24386b23e12596d83a115a8b4ef8fa2e1c01fc8615f247e146622f6a548b8bf9b68dee7694072a727b44a5f90e7964884de66d8f46673ad1f3094daaac719e68cfacdf024e2e97e1849d2cc072a0ee541980ab31f2b4b26490677374978da96619671da6ecc14b6b64939570e553ccc02956986552f380e4f433f3cd33e3fe589f6bbe6b063c43cc7c221855efe8f118393f35e8514a5c760bf53c334e65d61725ef82383962151cd9d24962a1349ff35d747aa67e1918bc7f05c5460bb7050b7d070d1c43a418ccbc8cfcec8dadfdbe723dd155cf65c3c419dae6cb6fa19aa792d3224d8dbe898c7d48595bf9517884c736a35c3fa2c21a8bf7dae7fc84b5e3df825fdb63a19a8e4a27145cf7478f19fbda5cb26d4c4833a31a6e5d6d3a44ac62555b22325d6e86fb7c07019ac5a35dda44750a4cf814bda2b246da34003b01bcd0f608d8f28bca75d0157692e930df01c73342f5c58a18a7920970c8dd1b88e1b63d6b3dc1360bf23b6a6106c8260b8493a83b83541b46935564ef31cc52f289de3d24f989d1fbda475670ae84c80ce1858c4eddc67114bb496b08c155ccbfde98de696f80e504b03040a000008080076b92946fd3a4d230b0200000b040000330000006f72672f786275702f706c7567696e2f62617369632f6c696e652f537472696e674c696e65456469746f7224312e636c61737395935b6fd33014c7ff6e4b4393c0ca80c12e8c01057a61f310e201314d4c558b40011e36ed3d4dbcce93175789bbf56bf1c09078403cf3a110c759296502a4ca8a7d7c7cceef5cec7cfff1e52b8067d8a8a08c3b2e1cacbab88b3507f75c9470dfc1030735070f19cae65066b54d86f540a77d3eea0d077ca0867d99f05e98c9882b9908be6b5299f403123bb1343a7d498e5b3291669b61b33e9367639fa1d4d6b16098b3eaf7c3e39e48f7c29e22cd7ca0a350ed87a9b4fbb1b2645364f0df248948db2acc32415b3e4bd4da53cab872a0a36116e8cc30acd683a3f024e4e1a9e1e244248677ed61c78a798a85038abcfc1f23062fe7bd0e294acce0eeea611a89aeb429dfbc98c0860551c59d24523aa3a377c21cead8c1231f8f51f75181ebc343c341d3470b4f1816accb8867a764cddfee8991e94aa1621feb68d075cd543d4335af4485c4fad03b1211f560e56fc505323382faccd09a210235b72fcc2f79a9de08fe48bead8f073a39ef5ab16edbbbf8cfc6d245136ae2417d18d372eb695225138a0ad9510a6bf4ce1d305c06ab566d2fe9f917e9f3e093f60a49db28d000dc66eb1358f3330a1f6957c0559acb6403bcc01ccd0be756a8621ec8254b6334aee3c698f53cf704d845c4d614824d10f41c486711b7268836add6ca6b9da1f80da5335cfa0d73f3a357b4ee4c01bd09d01b038bb89dfb2c6289d61296b1826bb93ffd9eb9257e02504b010214030a000008080076b92946000000000200000000000000090000000000000000001000ed41000000004d4554412d494e462f504b010214030a000008080076b92946b27f02ee1b00000019000000140000000000000000000000a481290000004d4554412d494e462f4d414e49464553542e4d46504b010214030a00000808001bbd2646000000000200000000000000040000000000000000001000fd41760000006f72672f504b010214030a00000808001bbd2646000000000200000000000000090000000000000000001000fd419a0000006f72672f786275702f504b010214030a00000808001bbd2646000000000200000000000000100000000000000000001000fd41c30000006f72672f786275702f706c7567696e2f504b010214030a000008080076b92946000000000200000000000000160000000000000000001000fd41f30000006f72672f786275702f706c7567696e2f62617369632f504b010214030a000008080076b929461583dc27d40100004e0300002b0000000000000000000000b481290100006f72672f786275702f706c7567696e2f62617369632f58424261736963506c7567696e24312e636c617373504b010214030a000008080076b9294689fe43e30703000080060000290000000000000000000000b481460300006f72672f786275702f706c7567696e2f62617369632f58424261736963506c7567696e2e636c617373504b010214030a000008080076b929460000000002000000000000001b0000000000000000001000fd41940600006f72672f786275702f706c7567696e2f62617369632f6c696e652f504b010214030a000008080076b92946fffd3fcf460400009d090000320000000000000000000000b481cf0600006f72672f786275702f706c7567696e2f62617369632f6c696e652f4e61747572616c4c696e65456469746f722e636c617373504b010214030a000008080076b9294650e1d0b8cf03000088080000310000000000000000000000b481650b00006f72672f786275702f706c7567696e2f62617369632f6c696e652f537472696e674c696e65456469746f722e636c617373504b010214030a000008080076b9294669e0ce400b02000011040000340000000000000000000000b481830f00006f72672f786275702f706c7567696e2f62617369632f6c696e652f4e61747572616c4c696e65456469746f7224312e636c617373504b010214030a000008080076b92946735393182a0400006d090000320000000000000000000000b481e01100006f72672f786275702f706c7567696e2f62617369632f6c696e652f496e74656765724c696e65456469746f722e636c617373504b010214030a000008080076b92946c9d6fc4d0c02000011040000340000000000000000000000b4815a1600006f72672f786275702f706c7567696e2f62617369632f6c696e652f496e74656765724c696e65456469746f7224312e636c617373504b010214030a000008080076b92946fd3a4d230b0200000b040000330000000000000000000000b481b81800006f72672f786275702f706c7567696e2f62617369632f6c696e652f537472696e674c696e65456469746f7224312e636c617373504b0506000000000f000f00a1040000141b00000000),
(787, 'attrlist.png', 782, 0x89504e470d0a1a0a0000000d4948445200000020000000200806000000737a7af4000000017352474200aece1ce900000006624b474400ff00ff00ffa0bda793000000097048597300000b1300000b1301009a9c180000000774494d4507da01030a050ac0918b3a000001f34944415458c3ed573dabe250103dd9041524108342040b2dc5c288bf40100b35e92ced04b110fcc07f6027585b06edfd03367662e34fb0553182a028a8c9bc66575e8cfb569fee3e76d7030361e6927b66e6e4ce0d4344842fc4377c316c04168b056ab51ae2f138789e87c3e140301844a954c272b97c3a01e6b205c3e1108542018aa2201c0e8365598cc763689a86502884c96402b7db7d5eafebfacd9b79bd5ebb932eb0dfefc934cd4b3775bb5d02409d4ec7e20770b35d037749c8e5729d9f4fa713369b0d0cc340229100008c4623148bc5f39ac160f0580f2e19198641ad568b229108b12c6bcb4251147a266c1568341a68b7db505515d56a159224c1e9748288904aa5609aa665fd7c3ebf395949927e5d018fc743b158ccc6743a9d1200ca6432bf570387c3c1962500349bcdab593daa011b815c2e074dd3904ea7a1aa2a0cc340bfdfc776bbbdfa826432f95c11ee763baa542ae4f7fb89e3380a0402542e9769bd5e5f6dc1a3605eb3e0e6339b61ce26cbb2ed537c1fcf66b39f17e147906519f57a1da2285afc8220a0d7eb0100f2f9fc6322fc196e15e0bd42fd7b34f022f05d2fff790518867989f045e0df2370d7303a1e8fd0751d1cc7411004cbf9b05aad9e7323fa68c8fcb068346a89cd66334bfc9e61747305de5f3e799eb7c44451b4c47d3edfe7ff0dff34de00e53adfd52f7980810000000049454e44ae426082),
(786, 'tag.png', 782, 0x89504e470d0a1a0a0000000d4948445200000020000000200806000000737a7af4000000017352474200aece1ce900000006624b474400ff00ff00ffa0bda793000000097048597300000b1300000b1301009a9c180000000774494d4507da01021729288082f636000002014944415458c3edd63f48aa5118c7f19f6f41a45222a40436069120888841434310ad0d212e0e0e22b444d05a64e2d0e260ab08d11eba34e460ab83348b39841139457f0635fbb65dae5cf35adc4b5ceefbdbce1fcef3e19c673816007d630c7d734c8009300126e0df043c3e3eaa5eaff7cd55abd5bf0b68b7db3a3b3bd3e6e6a6dc6eb74e4f4ffbd6038180161616944c267fc10d0d43d2ebf528954ac46231a6a7a79184c7e3616767875aadd6b7379fcfb3b6b6c6d8d81892080683643219eeeeee86956020a052a9b0bdbdcdecec2c92989999219148707979c9dbdbdbd003efefef393e3e667979198bc5826118acaeae92cbe5787878180ed8dbdb637e7e1e494c4d4d118d46393f3fa7dbedf295dcdcdc70747484dfef47121313136c6c6c50a9540603242109bfdf4fb55ae54fe5e5e585838303c6c7c791c4fefefe6040b158241c0e63b55a9184cfe7239d4ed368343e5db4dd6e532c16894422d86c3624e1f57a49a552349bcde13df0f4f4c4c9c909ebebeb3fd4a150884c26c3ededed87455f5f5fb9b8b820168be1703890c4dcdc1cbbbbbb5c5d5d8dde843fa7d56a91cd66595a5a42128661b0b2b242b95ceedbb7b5b585cbe542124ea793783c4eb95cfe6dd3ea33d77a7d7dcde1e1218b8b8b7def0830393949381ca65028d0e974463ed3f2d54fe9f3f3b3ec76fb87e35163317fc526c0049880ff1ef00e3beb6979372537720000000049454e44ae426082),
(788, 'attr.png', 782, 0x89504e470d0a1a0a0000000d4948445200000020000000200806000000737a7af4000000017352474200aece1ce900000006624b474400ff00ff00ffa0bda793000000097048597300000b1300000b1301009a9c180000000774494d4507da01030a012c76f0cbc3000001744944415458c3ed96c1aa415114863ff79c5032500647193094913c8192019d33f3064a060ae50dcc94b1e1c903780113339978046362a088927dd69d29e7a8abb8ddc1dd7feddaad567b7fff5aabf60e8988f087fae28fa501348006d0001a2000b0dd6ee9f57a148b45e2f138e170984c2643abd562b7db7d1c20e47f8ce6f3398d4603dbb6c9e5721886c172b9c4755db2d92cabd58a582c76cfdfeff72f5f964c268341f1e972b988e779feb04c261301643c1e3fc48197d733997ea068347adfdf6e378ec7234a294aa512008bc58266b379cf99cd66eff5c04fa49492e17028f97c5e0cc308b8b06d5b3ea94005fafd3ea3d108c771e876bb58964524124144a8542a789ef790bfd96c5e366b59d6cf1548241252281402a4ebf55a00a9d56abf3b03d7eb35e0126030183c75f5ee0c0400eaf53aaeeb52ad56711c07a514d3e994d3e9f4f48072b9fcd9213c9fcfd2e97424954a89699a924ea7a5dd6ecbe17078da827715d2bf620da00134c0bf07f806c0a8e07da50f40690000000049454e44ae426082),
(792, 'hdoc-xbup', 10, 0x3c68746d6c3e0a20203c686561643e0a202020200a20203c2f686561643e0a20203c626f64793e0a202020203c70207374796c653d226d617267696e2d746f703a2030223e0a202020202020584255502050726f6a656374206e6f6465206973207573656420666f722074657374696e6720616e6420646576656c6f706d656e7420707572706f7365732e0a202020203c2f703e0a20203c2f626f64793e0a3c2f68746d6c3e0a),
(816, 'null.html', 10, 0x3c703e0a09546573743c6272202f3e0a093c7374726f6e673e546573743c2f7374726f6e673e3c2f703e0a),
(818, 'hdoc-general', 10, 0x3c68746d6c3e0a20203c686561643e0a202020200a20203c2f686561643e0a20203c626f64793e0a20202020546573740a0a202020203c703e0a2020202020200a202020203c2f703e0a20203c2f626f64793e0a3c2f68746d6c3e0a),
(819, 'sicon-xbup', 10, 0x89504e470d0a1a0a0000000d49484452000000100000001008060000001ff3ff61000000b44944415478dac5533b0e83300c359c8c859b50ba1536c244b2395bc80807e258afc4d0a04aa8454aa5bee8c9b6623fd9f910fd18b8c8f3a2b22c511485b0aa2a68ad11b02c8bf881d6da989f659988c18d0ea31ec11d1f899d85ea153ee1d50d9c76a07db16261f04d6bb6c4768d7adaec9dbe08f40cdff8770145c258b88b4401e6a368aa27b1fee1e3089704063360becd521c6c88953a047293839a75b73e1921b983e43348bf85d47790fa1293ffc27ff104af90b8365b0aef4a0000000049454e44ae426082);

-- --------------------------------------------------------

--
-- Struktura tabulky `XBXHDOC`
--

CREATE TABLE IF NOT EXISTS `XBXHDOC` (
  `ID` bigint(20) NOT NULL AUTO_INCREMENT,
  `ITEM_ID` bigint(20) NOT NULL,
  `LANG_ID` bigint(20) NOT NULL,
  `DOCFILE_ID` bigint(20) DEFAULT NULL,
  PRIMARY KEY (`ID`),
  UNIQUE KEY `UX_XBXHDOC` (`ITEM_ID`,`LANG_ID`),
  KEY `FK_XBXHDOC_LANG_ID` (`LANG_ID`),
  KEY `FK_XBXHDOC_ITEM_ID` (`ITEM_ID`),
  KEY `FK_XBXHDOC_DOCFILE_ID` (`DOCFILE_ID`)
) ENGINE=MyISAM  DEFAULT CHARSET=utf8 COLLATE=utf8_czech_ci AUTO_INCREMENT=24 ;

--
-- Vypisuji data pro tabulku `XBXHDOC`
--

INSERT INTO `XBXHDOC` (`ID`, `ITEM_ID`, `LANG_ID`, `DOCFILE_ID`) VALUES
(2, 584, 1, 792),
(21, 19, 1, 816),
(23, 874, 1, 818);

-- --------------------------------------------------------

--
-- Struktura tabulky `XBXICON`
--

CREATE TABLE IF NOT EXISTS `XBXICON` (
  `ID` bigint(20) NOT NULL AUTO_INCREMENT,
  `XBINDEX` bigint(20) DEFAULT NULL,
  `OWNER_ID` bigint(20) DEFAULT NULL,
  `MODE_ID` bigint(20) DEFAULT NULL,
  `ICONFILE_ID` bigint(20) DEFAULT NULL,
  PRIMARY KEY (`ID`),
  KEY `FK_XBXICON_OWNER_ID` (`OWNER_ID`),
  KEY `FK_XBXICON_MODE_ID` (`MODE_ID`),
  KEY `FK_XBXICON_ICONFILE_ID` (`ICONFILE_ID`)
) ENGINE=MyISAM  DEFAULT CHARSET=utf8 COLLATE=utf8_czech_ci AUTO_INCREMENT=857 ;

--
-- Vypisuji data pro tabulku `XBXICON`
--

INSERT INTO `XBXICON` (`ID`, `XBINDEX`, `OWNER_ID`, `MODE_ID`, `ICONFILE_ID`) VALUES
(592, 2, 584, 2, 588),
(837, 11, 833, 1, 786),
(850, 11, 846, 1, 787),
(855, 11, 851, 1, 788),
(856, NULL, 584, 1, 819);

-- --------------------------------------------------------

--
-- Struktura tabulky `XBXICONMODE`
--

CREATE TABLE IF NOT EXISTS `XBXICONMODE` (
  `ID` bigint(20) NOT NULL AUTO_INCREMENT,
  `TYPE` bigint(20) DEFAULT NULL,
  `MIME` varchar(255) COLLATE utf8_czech_ci DEFAULT NULL,
  `CAPTION` varchar(255) COLLATE utf8_czech_ci DEFAULT NULL,
  PRIMARY KEY (`ID`)
) ENGINE=MyISAM  DEFAULT CHARSET=utf8 COLLATE=utf8_czech_ci AUTO_INCREMENT=3 ;

--
-- Vypisuji data pro tabulku `XBXICONMODE`
--

INSERT INTO `XBXICONMODE` (`ID`, `TYPE`, `MIME`, `CAPTION`) VALUES
(1, 1, 'image/png', 'PNG 16x16'),
(2, 1, 'image/png', 'PNG 32x32');

-- --------------------------------------------------------

--
-- Struktura tabulky `XBXLANGUAGE`
--

CREATE TABLE IF NOT EXISTS `XBXLANGUAGE` (
  `ID` bigint(20) NOT NULL AUTO_INCREMENT,
  `LANGCODE` varchar(255) COLLATE utf8_czech_ci DEFAULT NULL,
  `NAME` varchar(255) COLLATE utf8_czech_ci DEFAULT NULL,
  PRIMARY KEY (`ID`)
) ENGINE=MyISAM  DEFAULT CHARSET=utf8 COLLATE=utf8_czech_ci AUTO_INCREMENT=25 ;

--
-- Vypisuji data pro tabulku `XBXLANGUAGE`
--

INSERT INTO `XBXLANGUAGE` (`ID`, `LANGCODE`, `NAME`) VALUES
(1, 'en', 'English'),
(2, 'cs_CZ', 'Čeština'),
(9, 'en', NULL),
(8, 'en', NULL),
(10, 'en', NULL),
(11, 'en', NULL),
(12, 'en', NULL),
(13, 'en', NULL),
(14, 'en', NULL),
(15, 'en', NULL),
(16, 'en', NULL),
(17, 'en', NULL),
(18, 'en', NULL),
(19, 'en', NULL),
(20, 'en', NULL),
(21, 'en', NULL),
(22, 'en', NULL),
(23, 'en', NULL),
(24, 'en', NULL);

-- --------------------------------------------------------

--
-- Struktura tabulky `XBXNAME`
--

CREATE TABLE IF NOT EXISTS `XBXNAME` (
  `ID` bigint(20) NOT NULL AUTO_INCREMENT,
  `TEXT` varchar(255) COLLATE utf8_czech_ci DEFAULT NULL,
  `ITEM_ID` bigint(20) NOT NULL,
  `LANG_ID` bigint(20) NOT NULL,
  PRIMARY KEY (`ID`),
  UNIQUE KEY `UX_XBXNAME` (`ITEM_ID`,`LANG_ID`),
  KEY `FK_XBXNAME_LANG_ID` (`LANG_ID`),
  KEY `FK_XBXNAME_ITEM_ID` (`ITEM_ID`),
  KEY `TEXT` (`TEXT`)
) ENGINE=MyISAM  DEFAULT CHARSET=utf8 COLLATE=utf8_czech_ci AUTO_INCREMENT=1074 ;

--
-- Vypisuji data pro tabulku `XBXNAME`
--

INSERT INTO `XBXNAME` (`ID`, `TEXT`, `ITEM_ID`, `LANG_ID`) VALUES
(25, 'Root', 10, 1),
(964, 'Basic', 29, 1),
(34, 'Types', 33, 1),
(1030, 'Catalog Format Specification Path', 1335, 1),
(41, 'Natural', 40, 1),
(45, 'ENatural', 44, 1),
(49, 'Integer', 48, 1),
(53, 'EInteger', 52, 1),
(57, 'List', 56, 1),
(61, 'Ratio', 60, 1),
(73, 'Real', 72, 1),
(77, 'Attributes', 76, 1),
(80, 'GroupsReserved', 79, 1),
(84, 'PreserveCount', 83, 1),
(88, 'BlocksCount', 87, 1),
(92, 'GroupsLimit', 91, 1),
(96, 'FormatSpecCatalogPath', 95, 1),
(100, 'XBService', 99, 1),
(103, 'Service', 102, 1),
(106, 'Service', 105, 1),
(110, 'Login', 109, 1),
(114, 'Stop', 113, 1),
(118, 'Restart', 117, 1),
(122, 'Ping', 121, 1),
(126, 'Info', 125, 1),
(129, 'Info', 128, 1),
(133, 'GetVersion', 132, 1),
(137, 'Version', 136, 1),
(141, 'Catalog', 140, 1),
(144, 'Item', 143, 1),
(147, 'Item', 146, 1),
(151, 'Owner', 150, 1),
(155, 'XBIndex', 154, 1),
(159, 'ItemsCount', 158, 1),
(163, 'Node', 162, 1),
(166, 'Name', 165, 1),
(170, 'Root', 169, 1),
(174, 'SubNode', 173, 1),
(178, 'SubNodes', 177, 1),
(182, 'SubNodesCount', 181, 1),
(186, 'Spec', 185, 1),
(190, 'Specs', 189, 1),
(194, 'FormatSpec', 193, 1),
(198, 'FormatSpecs', 197, 1),
(202, 'GroupSpec', 201, 1),
(206, 'GroupSpecs', 205, 1),
(210, 'BlockSpec', 209, 1),
(214, 'BlockSpecs', 213, 1),
(218, 'FindOwner', 217, 1),
(222, 'PathNode', 221, 1),
(226, 'FindNode', 225, 1),
(230, 'MaxSubNode', 229, 1),
(234, 'FindBlockSpec', 233, 1),
(238, 'MaxBlockSpec', 237, 1),
(242, 'FindGroupSpec', 241, 1),
(246, 'MaxGroupSpec', 245, 1),
(250, 'FindFormatSpec', 249, 1),
(254, 'MaxFormatSpec', 253, 1),
(258, 'SpecsCount', 257, 1),
(262, 'BlockSpecsCount', 261, 1),
(266, 'GroupSpecsCount', 265, 1),
(270, 'FormatSpecsCount', 269, 1),
(274, 'NodesCount', 273, 1),
(278, NULL, 277, 1),
(281, NULL, 280, 1),
(284, 'Spec', 283, 1),
(287, 'Spec', 286, 1),
(291, 'Binds', 290, 1),
(295, 'BindsCount', 294, 1),
(299, 'FindBind', 298, 1),
(303, 'FindRev', 302, 1),
(307, 'FormatSpecsCount', 306, 1),
(311, 'GroupSpecsCount', 310, 1),
(315, 'BlockSpecsCount', 314, 1),
(319, 'SpecsCount', 318, 1),
(323, 'RevsCount', 322, 1),
(327, 'Rev', 326, 1),
(331, NULL, 330, 1),
(334, 'Bind', 333, 1),
(337, 'Bind', 336, 1),
(341, 'Target', 340, 1),
(345, 'BindsCount', 344, 1),
(349, 'Rev', 348, 1),
(352, 'Rev', 351, 1),
(356, 'XBLimit', 355, 1),
(360, 'RevsCount', 359, 1),
(364, 'Lang', 363, 1),
(367, 'Lang', 366, 1),
(371, 'Code', 370, 1),
(375, 'Default', 374, 1),
(379, 'Langs', 378, 1),
(383, 'LangsCount', 382, 1),
(387, 'Name', 386, 1),
(390, 'Name', 389, 1),
(394, 'Item', 393, 1),
(398, 'Name', 397, 1),
(402, 'Lang', 401, 1),
(406, 'ItemName', 405, 1),
(410, 'LangName', 409, 1),
(414, 'ItemNames', 413, 1),
(418, 'NamesCount', 417, 1),
(422, 'Desc', 421, 1),
(425, 'Desc', 424, 1),
(429, 'Item', 428, 1),
(433, 'Name', 432, 1),
(437, 'Lang', 436, 1),
(441, 'ItemDesc', 440, 1),
(445, 'LangName', 444, 1),
(449, 'ItemDescs', 448, 1),
(453, 'DescsCount', 452, 1),
(457, 'Info', 456, 1),
(460, 'Info', 459, 1),
(463, 'Parent', 462, 1),
(467, 'InfosCount', 466, 1),
(471, 'Filename', 470, 1),
(475, 'Path', 474, 1),
(479, 'File', 478, 1),
(482, 'File', 481, 1),
(486, 'Owner', 485, 1),
(490, 'Filename', 489, 1),
(494, 'Icon', 493, 1),
(497, 'Icon', 496, 1),
(501, 'Owner', 500, 1),
(505, 'Mode', 504, 1),
(509, 'XBIndex', 508, 1),
(513, 'DefaultItem', 512, 1),
(517, 'File', 516, 1),
(521, 'XBService', 520, 1),
(525, 'Basic', 524, 1),
(529, 'Unknown', 528, 1),
(533, 'Declaration', 532, 1),
(537, 'Format Declaration', 536, 1),
(541, 'Format Definition', 540, 1),
(545, 'Format Join Parameter', 544, 1),
(549, 'Format Consist Parameter', 548, 1),
(553, 'Group Declaration', 552, 1),
(557, 'Group Definition', 556, 1),
(561, 'Group Join Parameter', 560, 1),
(565, 'Group Consist Parameter', 564, 1),
(569, 'Block Declaration', 568, 1),
(573, 'Block Definition', 572, 1),
(577, 'Block Join Parameter', 576, 1),
(581, 'Block Consist Parameter', 580, 1),
(585, 'XBUP Project', 584, 1),
(594, 'Protocol', 593, 1),
(597, 'Mathematic', 596, 1),
(600, 'Numerical', 599, 1),
(603, 'Attributes', 602, 1),
(606, 'BitLength', 605, 1),
(610, NULL, 609, 1),
(613, 'NaturalBlob', 612, 1),
(617, 'IntegerBlob', 616, 1),
(621, 'Nat16Blob', 620, 1),
(625, 'Int16Blob', 624, 1),
(629, 'Nat32Blob', 628, 1),
(633, 'Int32Blob', 632, 1),
(637, 'Byte', 636, 1),
(641, 'Physic', 640, 1),
(644, 'Audio', 643, 1),
(647, 'Visual', 646, 1),
(650, 'Haptic', 649, 1),
(653, 'Society', 652, 1),
(656, 'Language', 655, 1),
(659, 'Encoding', 658, 1),
(662, 'Encoding', 661, 1),
(666, 'IANAEncodingCode', 665, 1),
(670, 'Text', 669, 1),
(673, 'TextFile', 672, 1),
(677, 'String', 676, 1),
(681, 'String', 680, 1),
(685, 'ASCIIString', 684, 1),
(689, 'UTFString', 688, 1),
(693, 'RFCLanguage', 692, 1),
(697, 'RFCLanguageString', 696, 1),
(701, 'LanguageList', 700, 1),
(705, 'Person', 704, 1),
(708, 'Visual', 707, 1),
(712, 'Picture', 711, 1),
(719, 'Bitmap', 718, 1),
(722, 'RGBBitmap', 721, 1),
(726, 'ItemBitmap', 725, 1),
(730, 'PixelPlane', 729, 1),
(734, 'Palette', 733, 1),
(1069, 'name', 1408, 1),
(740, 'PicturePalette', 739, 1),
(744, 'RGBPalette', 743, 1),
(748, 'DefaultRGBPalette', 747, 1),
(752, 'DefaultRGBAPalette', 751, 1),
(756, 'DefaultGScalePalette', 755, 1),
(760, 'DefaultGScaleAPalette', 759, 1),
(764, 'RGBPaletteList', 763, 1),
(768, 'RGBPaletteValue', 767, 1),
(772, 'RGBPaletteTable', 771, 1),
(776, 'SimplePicture', 775, 1),
(780, 'Audio', 779, 1),
(783, 'Meta', 782, 1),
(790, 'XML', 789, 1),
(794, 'TestXMLDocument', 793, 1),
(798, 'XML', 797, 1),
(802, 'Document', 801, 1),
(806, 'Prolog', 805, 1),
(810, 'Declaration', 809, 1),
(814, 'Misc', 813, 1),
(818, 'Comment', 817, 1),
(822, 'ProcessingInstruction', 821, 1),
(826, 'PITarget', 825, 1),
(830, 'PIString', 829, 1),
(834, 'Tag', 833, 1),
(839, 'EmptyTag', 838, 1),
(843, 'CData', 842, 1),
(847, 'AttributeList', 846, 1),
(852, 'Attribute', 851, 1),
(857, 'SGML', 856, 1),
(860, 'SGML', 859, 1),
(864, 'DocType', 863, 1),
(868, 'Contaiment', 867, 1),
(871, 'XML Test', 870, 1),
(875, 'General', 874, 1),
(876, 'Numeric', 1053, 1),
(897, 'Default', 11, 1),
(898, 'Default', 13, 1),
(899, 'Protocol', 1055, 1),
(900, 'XBSlužba', 520, 2),
(1035, 'Format Parameters', 1342, 1),
(902, 'Import Test', 1246, 1),
(903, 'GroupsLimit', 1247, 1),
(904, NULL, 1248, 1),
(906, 'GroupsLimit', 1250, 1),
(907, NULL, 1251, 1),
(909, 'GroupsLimit', 1253, 1),
(910, NULL, 1254, 1),
(912, 'GroupsLimit', 1256, 1),
(914, 'GroupsLimit', 1258, 1),
(916, 'GroupsLimit', 1260, 1),
(918, 'GroupsLimit', 1262, 1),
(920, 'GroupsLimit', 1264, 1),
(922, 'GroupsLimit', 1266, 1),
(924, 'GroupsLimit', 1268, 1),
(926, 'GroupsLimit', 1270, 1),
(928, 'GroupsLimit', 1272, 1),
(930, 'GroupsLimit', 1274, 1),
(932, 'GroupsLimit', 1276, 1),
(934, 'GroupsLimit', 1278, 1),
(936, 'GroupsLimit', 1280, 1),
(938, 'GroupsLimit', 1282, 1),
(940, 'GroupsLimit', 1284, 1),
(941, NULL, 1285, 1),
(943, 'GroupsLimit', 1287, 1),
(944, NULL, 1288, 1),
(946, 'Groups Limit', 1290, 1),
(947, 'Attribute 2', 1291, 1),
(949, 'Groups Limit', 1293, 1),
(950, 'Attribute 2', 1294, 1),
(952, 'Groups Limit', 1296, 1),
(953, 'Attribute 2', 1297, 1),
(965, 'Test4', 19, 1),
(966, 'TEST', 1306, 1),
(1023, 'GroupsCount', 1327, 1),
(1024, 'PreserveGroups', 1328, 1),
(1025, 'DocumentRoot', 1330, 1),
(1026, 'Document Root', 1331, 1),
(1031, 'Path Index', 1336, 1),
(1033, 'FormatSpecIndex', 1339, 1),
(1034, 'Format Specification Revision', 1341, 1),
(1036, 'Block List Join Parameter', 1343, 1),
(1037, 'Block List Consist Parameter', 1344, 1),
(1038, 'Revision Definition', 1345, 1),
(1039, 'Parameters Count', 1346, 1),
(1040, 'Revisions', 1348, 1),
(1041, 'Parameters Count', 1349, 1),
(1045, 'Parameters Count', 1353, 1),
(1046, 'Parameters Count', 1354, 1),
(1047, 'Parameters Count', 1355, 1),
(1048, 'Parameters Count', 1356, 1),
(1049, 'Catalog Group Specification Path', 1359, 1),
(1050, 'Catalog Node Path', 1360, 1),
(1051, 'Catalog Block Specification Path', 1361, 1),
(1052, 'CatalogNodePath', 1362, 1),
(1053, 'Group Specification Index', 1366, 1),
(1054, 'Catalog Specification Index', 1369, 1),
(1055, 'Group Specification Revision', 1372, 1),
(1056, 'Group Parameters', 1374, 1),
(1057, 'Revisions', 1375, 1),
(1058, 'Block Specification Revision', 1379, 1),
(1059, 'Block Parameters', 1383, 1),
(1060, 'Revisions', 1384, 1),
(1061, 'SimpleWave', 1389, 1),
(1062, 'WaveType', 1390, 1),
(1063, 'Wave', 1391, 1),
(1064, 'Sample Rate', 1392, 1),
(1065, 'Sample Size In Bits', 1393, 1),
(1066, 'Channels', 1394, 1),
(1067, 'Signed', 1395, 1),
(1068, 'Big Endian', 1396, 1),
(1070, 'value', 1409, 1),
(1071, 'name', 1416, 1),
(1072, 'Base', 1419, 1),
(1073, 'Mantissa', 1420, 1);

-- --------------------------------------------------------

--
-- Struktura tabulky `XBXPLUGIN`
--

CREATE TABLE IF NOT EXISTS `XBXPLUGIN` (
  `ID` bigint(20) NOT NULL AUTO_INCREMENT,
  `PLUGININDEX` bigint(20) DEFAULT NULL,
  `OWNER_ID` bigint(20) DEFAULT NULL,
  `PLUGINFILE_ID` bigint(20) DEFAULT NULL,
  PRIMARY KEY (`ID`),
  KEY `FK_XBXPLUGIN_PLUGINFILE_ID` (`PLUGINFILE_ID`),
  KEY `FK_XBXPLUGIN_OWNER_ID` (`OWNER_ID`)
) ENGINE=MyISAM  DEFAULT CHARSET=utf8 COLLATE=utf8_czech_ci AUTO_INCREMENT=881 ;

--
-- Vypisuji data pro tabulku `XBXPLUGIN`
--

INSERT INTO `XBXPLUGIN` (`ID`, `PLUGININDEX`, `OWNER_ID`, `PLUGINFILE_ID`) VALUES
(877, 0, 711, 717),
(879, 0, 10, NULL),
(880, 0, 29, 820);

-- --------------------------------------------------------

--
-- Struktura tabulky `XBXPLUGLINE`
--

CREATE TABLE IF NOT EXISTS `XBXPLUGLINE` (
  `ID` bigint(20) NOT NULL AUTO_INCREMENT,
  `DTYPE` varchar(31) COLLATE utf8_czech_ci DEFAULT NULL,
  `LINEINDEX` bigint(20) DEFAULT NULL,
  `PLUGIN_ID` bigint(20) DEFAULT NULL,
  PRIMARY KEY (`ID`),
  KEY `FK_XBXPLUGLINE_PLUGIN_ID` (`PLUGIN_ID`)
) ENGINE=MyISAM  DEFAULT CHARSET=utf8 COLLATE=utf8_czech_ci AUTO_INCREMENT=889 ;

--
-- Vypisuji data pro tabulku `XBXPLUGLINE`
--

INSERT INTO `XBXPLUGLINE` (`ID`, `DTYPE`, `LINEINDEX`, `PLUGIN_ID`) VALUES
(880, 'XBXPlugLine', 0, 879),
(881, 'XBXPlugLine', 1, 879),
(882, 'XBXPlugLine', 2, 879),
(883, 'XBXPlugLine', 3, 879),
(884, 'XBXPlugLine', 4, 879),
(885, 'XBXPlugLine', 5, 879),
(886, 'XBXPlugLine', 0, 880),
(887, 'XBXPlugLine', 1, 880),
(888, 'XBXPlugLine', 2, 880);

-- --------------------------------------------------------

--
-- Struktura tabulky `XBXPLUGPANE`
--

CREATE TABLE IF NOT EXISTS `XBXPLUGPANE` (
  `ID` bigint(20) NOT NULL AUTO_INCREMENT,
  `DTYPE` varchar(31) COLLATE utf8_czech_ci DEFAULT NULL,
  `PANEINDEX` bigint(20) DEFAULT NULL,
  `PLUGIN_ID` bigint(20) DEFAULT NULL,
  PRIMARY KEY (`ID`),
  KEY `FK_XBXPLUGPANE_PLUGIN_ID` (`PLUGIN_ID`)
) ENGINE=MyISAM  DEFAULT CHARSET=utf8 COLLATE=utf8_czech_ci AUTO_INCREMENT=891 ;

--
-- Vypisuji data pro tabulku `XBXPLUGPANE`
--

INSERT INTO `XBXPLUGPANE` (`ID`, `DTYPE`, `PANEINDEX`, `PLUGIN_ID`) VALUES
(878, 'XBXPlugPane', 0, 877),
(886, 'XBXPlugPane', 0, 879),
(887, 'XBXPlugPane', 1, 879),
(888, 'XBXPlugPane', 2, 879),
(889, 'XBXPlugPane', 3, 879),
(890, 'XBXPlugPane', 4, 879);

-- --------------------------------------------------------

--
-- Struktura tabulky `XBXSTRI`
--

CREATE TABLE IF NOT EXISTS `XBXSTRI` (
  `ID` bigint(20) NOT NULL AUTO_INCREMENT,
  `TEXT` varchar(255) COLLATE utf8_czech_ci DEFAULT NULL,
  `NODEPATH` varchar(255) COLLATE utf8_czech_ci DEFAULT NULL,
  `ITEM_ID` bigint(20) NOT NULL,
  PRIMARY KEY (`ID`),
  KEY `FK_XBXSTRI_ITEM_ID` (`ITEM_ID`)
) ENGINE=MyISAM  DEFAULT CHARSET=utf8 COLLATE=utf8_czech_ci AUTO_INCREMENT=1009 ;

--
-- Vypisuji data pro tabulku `XBXSTRI`
--

INSERT INTO `XBXSTRI` (`ID`, `TEXT`, `NODEPATH`, `ITEM_ID`) VALUES
(879, 'root', '/', 10),
(937, 'basic', '', 29),
(3, 'types', '/basic', 33),
(4, 'xbup', '', 584),
(5, 'visual', '/xbup', 707),
(6, 'picture', '/xbup/visual', 711),
(7, 'meta', '/xbup', 782),
(8, 'xml', '/xbup/meta', 789),
(9, 'num', '/xbup', 1053),
(876, 'general', '', 874),
(959, 'pathIndex', NULL, 1336),
(880, 'Basic', '/basic', 524),
(881, 'FormatDeclaration', '/basic', 536),
(882, 'GroupsLimit', '/basic/Attributes', 91),
(883, 'Attributes', '/basic', 76),
(885, 'ImportTest', NULL, 1246),
(964, 'formatParameters', NULL, 1342),
(887, 'Attribute1', NULL, 1248),
(886, 'Attribute1', NULL, 1247),
(889, 'Attribute1', NULL, 1250),
(890, 'Attribute1', NULL, 1251),
(892, 'Attribute1', NULL, 1253),
(893, 'Attribute1', NULL, 1254),
(895, 'Attribute1', NULL, 1256),
(897, 'Attribute1', NULL, 1258),
(899, 'Attribute1', NULL, 1260),
(901, 'Attribute1', NULL, 1262),
(903, 'Attribute1', NULL, 1264),
(905, 'Attribute1', NULL, 1266),
(907, 'Attribute1', NULL, 1268),
(909, 'Attribute1', NULL, 1270),
(911, 'Attribute1', NULL, 1272),
(913, 'Attribute1', NULL, 1274),
(915, 'Attribute1', NULL, 1276),
(917, 'Attribute1', NULL, 1278),
(919, 'GroupsLimit', NULL, 1280),
(921, 'GroupsLimit', NULL, 1282),
(923, 'GroupsLimit', NULL, 1284),
(924, 'Attribute2', NULL, 1285),
(926, 'GroupsLimit', NULL, 1287),
(927, 'Attribute2', NULL, 1288),
(929, 'GroupsLimit', NULL, 1290),
(930, 'Attribute2', NULL, 1291),
(932, 'GroupsLimit', NULL, 1293),
(933, 'Attribute2', NULL, 1294),
(935, 'GroupsLimit', NULL, 1296),
(936, 'Attribute2', NULL, 1297),
(938, NULL, NULL, 19),
(939, NULL, NULL, 1306),
(955, 'groupsCount', NULL, 1327),
(956, 'preserveGroups', NULL, 1328),
(957, 'documentRoot', NULL, 1330),
(958, 'documentRoot', NULL, 1331),
(961, 'CatalogFormatSpecPath', NULL, 1335),
(962, 'formatSpecIndex', NULL, 1339),
(963, 'formatSpecRevision', NULL, 1341),
(965, 'FormatJoinParameter', NULL, 544),
(966, 'FormatConsistParameter', NULL, 548),
(967, 'GroupDeclaration', NULL, 552),
(968, 'FormatDefinition', NULL, 540),
(969, 'GroupDefinition', NULL, 556),
(970, 'GroupJoinParameter', NULL, 560),
(971, 'GroupConsistParameter', NULL, 564),
(972, 'BlockDeclaration', NULL, 568),
(973, 'BlockDefinition', NULL, 572),
(974, 'BlockJoinParameter', NULL, 576),
(975, 'BlockConsistParameter', NULL, 580),
(976, 'BlockListJoinParameter', NULL, 1343),
(977, 'BlockListConsistParameter', NULL, 1344),
(978, 'RevisionDefinition', NULL, 1345),
(979, 'parametersCount', NULL, 1346),
(980, 'revisions', NULL, 1348),
(981, 'parametersCount', NULL, 1349),
(982, 'parametersCount', NULL, 1353),
(983, 'parametersCount', NULL, 1354),
(984, 'parametersCount', NULL, 1355),
(985, 'parametersCount', NULL, 1356),
(986, 'catalogNodePath', NULL, 1362),
(987, 'groupSpecIndex', NULL, 1366),
(988, 'catalogSpecIndex', NULL, 1369),
(989, 'groupSpecRevision', NULL, 1372),
(990, 'groupParameters', NULL, 1374),
(991, 'revisions', NULL, 1375),
(992, 'CatalogGroupSpecPath', NULL, 1359),
(993, 'CatalogNodePath', NULL, 1360),
(994, 'CatalogBlockSpecPath', NULL, 1361),
(995, 'blockSpecRevision', NULL, 1379),
(996, 'blockParameters', NULL, 1383),
(997, 'revisions', NULL, 1384),
(998, 'sampleRate', NULL, 1392),
(999, 'sampleSizeInBits', NULL, 1393),
(1000, 'channels', NULL, 1394),
(1001, 'signed', NULL, 1395),
(1002, 'bigEndian', NULL, 1396),
(1003, 'types', NULL, 40),
(1004, 'name', NULL, 1408),
(1005, 'value', NULL, 1409),
(1006, 'name', NULL, 1416),
(1007, 'base', NULL, 1419),
(1008, 'mantissa', NULL, 1420);

-- --------------------------------------------------------

--
-- Struktura tabulky `XBXUSER`
--

CREATE TABLE IF NOT EXISTS `XBXUSER` (
  `ID` bigint(20) NOT NULL AUTO_INCREMENT,
  `LOGIN` varchar(64) COLLATE utf8_czech_ci NOT NULL,
  `PASSWD` varchar(32) COLLATE utf8_czech_ci NOT NULL,
  `EMAIL` varchar(128) COLLATE utf8_czech_ci NOT NULL,
  `FULLNAME` varchar(128) COLLATE utf8_czech_ci NOT NULL,
  PRIMARY KEY (`ID`)
) ENGINE=MyISAM  DEFAULT CHARSET=utf8 COLLATE=utf8_czech_ci AUTO_INCREMENT=8 ;

--
-- Vypisuji data pro tabulku `XBXUSER`
--

INSERT INTO `XBXUSER` (`ID`, `LOGIN`, `PASSWD`, `EMAIL`, `FULLNAME`) VALUES
(1, 'admin', '21232f297a57a5a743894a0e4a801fc3', 'admin@xbup.org', 'DEFAULT'),
(2, 'test', '098f6bcd4621d373cade4e832627b4f6', 'test@xbup.org', 'Test'),
(3, 'test2', 'ad0234829205b9033196ba818f7a872b', 'test2', 'test2'),
(5, 'test4', '86985e105f79b95d6bc918fb45ec7727', 'test4', 'test4');

-- --------------------------------------------------------

--
-- Struktura tabulky `XBXUSERINFO`
--

CREATE TABLE IF NOT EXISTS `XBXUSERINFO` (
  `ID` bigint(20) NOT NULL AUTO_INCREMENT,
  `CREATED` date DEFAULT NULL,
  `UPDATED` date DEFAULT NULL,
  `LASTLOGIN` date DEFAULT NULL,
  `CURRLOGIN` date DEFAULT NULL,
  `USER_ID` bigint(20) DEFAULT NULL,
  PRIMARY KEY (`ID`),
  KEY `FK_USERINFO_USER_ID` (`USER_ID`)
) ENGINE=MyISAM DEFAULT CHARSET=utf8 COLLATE=utf8_czech_ci AUTO_INCREMENT=1 ;

/*!40101 SET CHARACTER_SET_CLIENT=@OLD_CHARACTER_SET_CLIENT */;
/*!40101 SET CHARACTER_SET_RESULTS=@OLD_CHARACTER_SET_RESULTS */;
/*!40101 SET COLLATION_CONNECTION=@OLD_COLLATION_CONNECTION */;
